va,vb,exp,sim,sign_error,exp_error,man_error
22b9,800a,22b9,22b5,False,0,4
9820,06b5,97d5,97d4,False,0,1
8297,17ba,1791,1785,False,0,12
d0ff,58e6,574c,574d,False,0,-1
08e4,8559,046f,0638,False,0,-457
0074,a77c,a77c,a77a,False,0,2
11ce,8fb9,0bc6,0be3,False,0,-29
9c87,16c7,99aa,99ab,False,0,-1
0088,8a63,8a1f,8941,False,0,222
886c,8165,891e,89c5,False,0,-167
9eb8,83d2,9ec7,9ec8,False,0,-1
f588,fa66,fc00,fc95,False,0,-149
fbee,eefa,fc00,fc67,False,0,-103
23a4,004b,23a5,23a8,False,0,-3
0118,9788,9776,975f,False,0,23
143a,a40f,a397,a396,False,0,1
b80e,3127,b588,b589,False,0,-1
1547,80c0,153b,1521,False,0,26
a5dc,00c0,a5db,a5da,False,0,1
7b38,75a7,7c00,7d06,False,0,-262
05fb,855f,009c,00e0,False,0,-68
a0d2,81b0,a0d5,a0d8,False,0,-3
ada8,8040,ada8,ada9,False,0,-1
78c5,7a46,7c00,7d86,False,0,-390
8060,0dd2,0dba,0d46,False,0,116
9ddc,833a,9de9,9dea,False,0,-1
ec00,3146,ec00,e800,False,1,0
0063,24fc,24fc,24fe,False,0,-2
82e4,1d9e,1d92,1d90,False,0,2
9a5b,1b50,0fa8,0fd4,False,0,-44
9952,028b,993e,9938,False,0,6
fbea,eacc,fc00,fc2b,False,0,-43
f01c,6b7f,ec78,ec79,False,0,-1
1278,92d9,8308,8030,False,0,728
826f,1d50,1d46,1d43,False,0,3
a578,8376,a57b,a57c,False,0,-1
8376,8678,88f7,891a,False,0,-35
3dbf,c46d,c1fa,c1fb,False,0,-1
1199,8294,1146,1130,False,0,22
8992,03ff,8725,8792,False,0,-109
b884,304b,b6e2,b6e3,False,0,-1
14a8,959a,8b90,89e4,False,0,428
090f,8258,07c6,0779,False,0,77
02f8,9643,9614,960b,False,0,9
0355,9c20,9c13,9c11,False,0,2
1474,88d5,13b3,13b2,False,0,1
00ba,95de,95d2,95b8,False,0,26
e028,560d,decd,decc,False,0,1
8ae9,0c1b,029a,0053,False,0,583
4570,dc11,dbf6,dbf7,False,0,-1
6fc5,7b07,7c00,7800,False,1,0
0038,8eac,8e9e,8e25,False,0,121
a5e0,01ec,a5de,a5dd,False,0,1
d366,5c30,5a86,5a87,False,0,-1
47b3,cd0e,ca42,ca43,False,0,-1
85f3,062a,0037,02e0,False,0,-681
0825,876e,00dc,02e0,False,0,-516
ad33,2d44,1440,1510,False,0,-208
268e,0161,268f,2691,False,0,-2
815e,21bb,21b8,21b6,False,0,2
5767,dd8f,db6a,db6b,False,0,-1
9911,0181,9905,98fb,False,0,10
14b4,954e,88d0,8934,False,0,-100
026e,8c17,8af7,8a93,False,0,100
98c2,8133,98cc,98d7,False,0,-11
0fc4,8de8,0770,05dc,False,0,404
04de,88f6,850e,8687,False,0,-377
f07f,fb9d,fc00,fc5e,False,0,-94
07a4,8aeb,8632,8719,False,0,-231
2476,b036,af4e,af4f,False,0,-1
b260,3255,9580,94b0,False,0,208
205a,987f,1e74,1e75,False,0,-1
8008,a94f,a94f,a950,False,0,-1
8060,1ed5,1ed4,1ecc,False,0,8
8eaf,801a,8eb6,8f32,False,0,-124
85e3,033f,82a4,8122,False,0,386
2879,a02b,26dc,26dd,False,0,-1
0211,0800,0908,0984,False,0,-124
02f4,19c2,19da,19de,False,0,-4
96ac,00d0,969f,9686,False,0,25
8971,83ff,8b70,8b71,False,0,-1
8a68,0cc0,0630,058c,False,0,164
90cc,0fae,87a8,84f5,False,0,691
8d0b,0281,8c6b,8c3b,False,0,48
02d8,2916,2917,2918,False,0,-1
7a86,74d3,7c00,7c78,False,0,-120
2a73,aaa7,9680,9740,False,0,-192
16ea,0347,171e,1724,False,0,-6
a48f,2cd0,2b58,2b59,False,0,-1
1550,8164,153a,1525,False,0,21
0242,a1f1,a1ec,a1eb,False,0,1
8c47,834c,8d1a,8d30,False,0,-22
0c2c,8da0,85d0,8574,False,0,92
155c,8336,1529,1522,False,0,7
274c,0028,274c,274e,False,0,-2
00ce,8704,8636,849d,False,0,409
3bbc,283c,3c00,3800,False,1,0
01a4,1599,15b3,15c6,False,0,-19
86c7,02ef,83d8,81a8,False,0,560
02d3,9ef7,9eec,9ee9,False,0,3
123f,80b8,1228,11f4,False,0,52
1417,0028,141a,1438,False,0,-30
1df3,a510,a326,a327,False,0,-1
011a,2df7,2df7,2df8,False,0,-1
001c,9a3e,9a3d,9a2e,False,0,15
0b61,8afb,00cc,0260,False,0,-404
0874,8ae8,84e8,8674,False,0,-396
8858,01de,86d2,86e0,False,0,-14
1c64,96d7,195c,195d,False,0,-1
1599,82d2,156c,1562,False,0,10
8000,114f,114f,110f,False,0,64
842f,0796,0367,01b4,False,0,435
8104,0a8b,0a09,094a,False,0,191
0220,109b,10df,10fd,False,0,-30
21b9,8194,21b6,21b3,False,0,3
6800,96cd,6800,6400,False,1,0
822c,8ae5,8bfb,8c38,False,-1,963
0611,82de,0333,0151,False,0,482
0348,0d03,0dd5,0dec,False,0,-23
0bcb,0164,0c3e,0c92,False,0,-84
2a27,b0b0,ae4c,ae4d,False,0,-1
8964,8091,89ac,8a88,False,0,-220
1a30,03ae,1a4d,1a4f,False,0,-2
8266,1408,13c3,13aa,False,0,25
58cd,cf8d,57b7,57b6,False,0,1
37af,bda7,bb76,bb77,False,0,-1
9464,14bd,0590,0459,False,0,311
3c00,8400,3c00,3800,False,1,0
f7d0,f970,fc00,fcac,False,0,-172
1787,8138,1774,175d,False,0,23
00fc,0895,0913,09d4,False,0,-193
9588,0375,9551,954c,False,0,5
0657,03f9,0928,092a,False,0,-2
8001,0489,0488,0144,False,1,-188
a2e8,00a3,a2e7,a2e3,False,0,4
82d8,2042,203c,203b,False,0,1
4814,b555,47d3,47d2,False,0,1
bc16,30d5,baf7,baf6,False,0,1
8279,1c31,1c27,1c24,False,0,3
fbc4,eb84,fc00,fc1e,False,0,-30
023a,26c4,26c6,26c7,False,0,-1
805c,25b9,25b9,25b7,False,0,2
815c,8dbc,8e13,8e68,False,0,-85
84a0,801a,84ba,86ad,False,0,-499
e9d8,fbca,fc00,fc14,False,0,-20
cc30,3e4c,cb96,cb97,False,0,-1
8ff8,81e1,9038,905a,False,0,-34
8000,a7e8,a7e8,a7ea,False,0,-2
81b4,8cd5,8d42,8d8c,False,0,-74
02a4,115a,11ae,11c4,False,0,-22
13d5,8276,1386,136e,False,0,24
0e37,9092,89da,8aed,False,0,-275
a4ab,3421,33ad,33ac,False,0,1
9200,1245,0228,0022,False,0,518
0001,0650,0651,0828,False,-1,553
0184,0a48,0b0a,0ba9,False,0,-159
845a,81d0,862a,8742,False,0,-280
3438,a749,3387,3386,False,0,1
0864,87bd,010b,002c,False,0,223
9300,034a,9297,928b,False,0,12
0048,0f90,0fa2,100c,False,-1,918
8182,2030,202d,202a,False,0,3
0461,01d7,0638,074c,False,0,-276
8288,a822,a823,a824,False,0,-1
77fb,7bff,7c00,7dfe,False,0,-510
4ed2,e803,e7eb,e7ea,False,0,1
8a6e,0c5b,0490,0524,False,0,-148
8142,9728,973c,9752,False,0,-22
faee,f5bf,fc00,fce7,False,0,-231
0c4c,0044,0c5d,0cd4,False,0,-119
8716,3800,3800,3400,False,1,0
0cdf,8190,0c7b,0c2d,False,0,78
0b80,87c5,073b,079e,False,0,-99
1afd,80bc,1af7,1aea,False,0,13
9558,0297,952f,9523,False,0,12
02c6,8402,813c,80f8,False,0,68
5464,c6a9,53f3,53f2,False,0,1
040a,8478,806e,82e0,False,0,-626
118a,92b1,889c,8a4e,False,0,-434
15df,0243,1603,1611,False,0,-14
8b80,80b3,8bda,8c56,False,-1,900
022a,1d1a,1d23,1d26,False,0,-3
2e7d,013d,2e7d,2e7e,False,0,-1
9e63,023f,9e5a,9e57,False,0,3
e5f5,fbff,fc00,fc17,False,0,-23
0c99,0115,0cde,0d3c,False,0,-94
98b3,0155,98a8,989e,False,0,10
86c4,09e9,050e,0687,False,0,-377
61a4,7bff,7c00,7c0b,False,0,-11
0c74,8946,0744,05d1,False,0,371
7bff,4ccc,7c00,7800,False,1,0
81cc,8988,8a6e,8afb,False,0,-141
f737,f9cd,fc00,fcb4,False,0,-180
0218,0e01,0e87,0ec4,False,0,-61
2504,01be,2506,2507,False,0,-1
8291,9a6c,9a81,9a86,False,0,-5
224f,a993,a7fe,a7ff,False,0,-1
938c,8270,93da,93f3,False,0,-25
118c,03cd,1206,1209,False,0,-3
03f4,8aee,88f4,88f1,False,0,3
922e,10d0,8978,8abc,False,0,-324
1002,8d08,09f8,0afc,False,0,-260
8278,a5b2,a5b4,a5b5,False,0,-1
80d0,07c4,06f4,055c,False,0,408
9b05,1ab0,8950,88aa,False,0,166
a6f8,0238,a6f6,a6f5,False,0,1
0160,d400,d400,d000,False,1,0
0c72,014c,0cc5,0d1c,False,0,-87
81d0,a68a,a68c,a68d,False,0,-1
0ffa,0000,0ffa,103d,False,-1,957
0b39,88e8,04a2,0651,False,0,-431
943e,0194,9425,9411,False,0,20
5c24,d50b,59c2,59c3,False,0,-1
81c9,03aa,01e1,0384,False,0,-419
42fb,c9bc,c7fa,c7fb,False,0,-1
00d0,a05a,a058,a055,False,0,3
944e,0d43,91fa,91fb,False,0,-1
8763,0c1d,0888,0889,False,0,-1
82c6,1e1a,1e0f,1e0c,False,0,3
37b5,b7ac,1880,1920,False,0,-160
f5ae,fb7b,fc00,fd29,False,0,-297
011b,9ba0,9b97,9b8c,False,0,11
0229,8ae0,89cc,8956,False,0,118
8230,2148,2144,2142,False,0,2
87c1,0ab8,05af,06d8,False,0,-297
83df,0086,8359,82b2,False,0,167
85a5,086d,0335,00cd,False,0,616
00d0,28a5,28a5,28a6,False,0,-1
7b1a,6fa3,7c00,7c07,False,0,-7
71b4,7b5d,7c00,7c65,False,0,-101
05b6,0058,060e,07e2,False,0,-468
d42f,488e,d33a,d33b,False,0,-1
03b3,13e8,142f,1432,False,0,-3
0396,95e5,95ac,95a8,False,0,4
1934,0084,1938,1946,False,0,-14
8cf3,83ee,8dee,8df1,False,0,-3
9b89,1bce,0850,088a,False,0,-58
00fe,1fd9,1fdd,1fe3,False,0,-6
1960,02bb,1976,197b,False,0,-5
9c3b,121e,9aee,9aef,False,0,-1
2010,03ae,2017,2018,False,0,-1
3894,b39b,355a,355b,False,0,-1
9450,8170,9467,947c,False,0,-21
79d1,7bff,7c00,7ee8,False,0,-744
03ff,0516,088a,088b,False,0,-1
9031,0505,8f21,8f20,False,0,1
8094,abb0,abb0,abb1,False,0,-1
0a76,8cbb,8600,8580,False,0,128
02af,0a54,0bac,0800,False,0,940
8a87,0645,86c9,8764,False,0,-155
8604,0542,80c2,8210,False,0,-334
117f,0390,11f1,11f8,False,0,-7
92c4,83a2,9338,933e,False,0,-6
8105,2d13,2d13,2d12,False,0,1
800d,8ccc,8ccf,8d4e,False,0,-127
2b7f,02a8,2b80,2b81,False,0,-1
8042,ad90,ad90,ad91,False,0,-1
159f,00a2,15a9,15c4,False,0,-27
55bc,e436,e3b4,e3b5,False,0,-1
8e90,0d30,8580,8560,False,0,32
09bb,8582,05f4,06fa,False,0,-262
1023,91ec,8b24,8b92,False,0,-110
83fd,0f00,0e01,0e00,False,0,1
00d2,8b29,8ac0,89f4,False,0,204
00c0,a7ac,a7ab,a7aa,False,0,1
81df,964c,966a,967b,False,0,-17
72bd,7b6d,7c00,7c8e,False,0,-142
061a,8380,029a,012d,False,0,365
83d0,03c0,8010,8000,False,0,16
93d9,03a7,9364,935f,False,0,5
0a8c,8c93,8534,854d,False,0,-25
2740,00eb,2741,2742,False,0,-1
eebd,7888,7761,7760,False,0,1
5832,c7b5,57e9,57e8,False,0,1
baba,5803,57f9,57f8,False,0,1
ace0,80b2,ace0,ace1,False,0,-1
8504,8290,8794,8826,False,-1,878
0dd5,8757,0bfe,0bff,False,0,-1
0260,8595,8335,8132,False,0,515
9a61,19f0,8b10,88e2,False,0,558
3ffc,1b30,4000,3c00,False,1,0
f989,f5b3,fc00,fc31,False,0,-49
02f8,28c8,28c9,28ca,False,0,-1
9e54,0237,9e4b,9e48,False,0,3
19ab,93b7,177a,177b,False,0,-1
8d20,0d33,004c,00c0,False,0,-116
0662,bc00,bc00,b800,False,1,0
0345,0916,0ab8,0ae7,False,0,-47
8288,9f06,9f10,9f13,False,0,-3
04e6,894e,85b6,86db,False,0,-293
149d,9595,8bc0,89f0,False,0,464
f086,fbff,fc00,fc90,False,0,-144
845a,0550,00f6,03b0,False,0,-698
02bc,9f94,9f89,9f87,False,0,2
0356,9319,92ae,92a4,False,0,10
960f,0100,95ff,95e7,False,0,24
99e0,8130,99ea,99f5,False,0,-11
8b76,03de,8987,897e,False,0,9
83da,9131,91ac,91af,False,0,-3
0324,16a4,16d6,16dd,False,0,-7
1059,8db3,09fe,0aff,False,0,-257
8c1d,095e,85b8,856e,False,0,74
83ce,8ddd,8ed0,8ed7,False,0,-7
963b,8118,964c,9664,False,0,-24
0a42,82a9,08ee,0898,False,0,86
0f11,900e,842c,8486,False,0,-90
8a2e,8234,8b48,8bbb,False,0,-115
ac41,81c4,ac41,ac42,False,0,-1
8000,a42c,a42c,a42e,False,0,-2
1d0c,81d8,1d05,1d00,False,0,5
81b8,01da,0022,0040,False,0,-30
2f69,8189,2f69,2f68,False,0,1
9dd9,82d6,9de4,9de7,False,0,-3
a13e,0208,a13a,a138,False,0,2
5c0c,ec1f,ebbc,ebbd,False,0,-1
8583,0571,8012,8080,False,0,-110
2364,3be2,3c00,3800,False,1,0
c00d,2eb8,bfae,bfaf,False,0,-1
685c,e3ff,64b8,64b9,False,0,-1
28ee,b49b,b3fa,b3fb,False,0,-1
0ce8,8de6,83f8,807f,False,0,889
1596,8e9b,13de,13df,False,0,-1
6479,d82d,63e7,63e6,False,0,1
fb6a,f0ce,fc00,fc4f,False,0,-79
dc00,0c10,dc00,d800,False,1,0
ac90,8168,ac90,ac91,False,0,-1
0104,2f3c,2f3c,2f3d,False,0,-1
4c34,c4a3,4a16,4a17,False,0,-1
0584,8839,82ee,80bc,False,0,562
17ef,9704,0b58,09d6,False,0,386
0c08,8dc2,86e8,85ba,False,0,302
19bf,a05c,9dd8,9dd9,False,0,-1
07ab,87b9,800e,8300,False,0,-754
01ba,1de7,1dee,1df2,False,0,-4
bc3e,483d,476a,476b,False,0,-1
994d,137f,96da,96db,False,0,-1
1b59,9b56,0060,0200,False,0,-416
81f0,858a,877a,8841,False,-1,825
b107,3899,36ae,36af,False,0,-1
191a,9851,0e48,0f24,False,0,-220
8ad0,0b33,00c6,0230,False,0,-362
87b6,0a34,04b2,0659,False,0,-423
a0f5,8000,a0f5,a0f9,False,0,-4
740e,ee17,7110,7111,False,0,-1
a83a,1bec,a776,a777,False,0,-1
8c66,0a6e,84bc,852f,False,0,-115
89c9,08fc,819a,8268,False,0,-206
7bf5,70e4,7c00,7c97,False,0,-151
1f64,8040,1f63,1f5c,False,0,7
7794,7a24,7c00,7cf7,False,0,-247
ac70,0184,ac70,ac6f,False,0,1
8ad4,0d14,06a8,05aa,False,0,254
0745,8422,0323,0192,False,0,401
496f,c3f3,46e4,46e5,False,0,-1
a4f6,8001,a4f6,a4f8,False,0,-2
8180,0010,8170,81c0,False,0,-80
0583,8c86,8a4a,8a4b,False,0,-1
02b4,9a17,9a01,99fc,False,0,5
0aea,871d,06b7,075c,False,0,-165
8370,9c7b,9c89,9c8a,False,0,-1
7858,7864,7c00,7c5e,False,0,-94
9b4a,8318,9b63,9b66,False,0,-3
5cc0,d7a3,59ae,59af,False,0,-1
ac32,80ac,ac32,ac33,False,0,-1
1cb5,a850,a773,a772,False,0,1
8aa6,0934,82e4,80b9,False,0,555
16e8,025a,170e,171b,False,0,-13
210b,a0cf,0f80,0cf0,False,0,656
1834,ac20,abfd,abfc,False,0,1
954c,1542,80a0,8100,False,0,-96
078e,8360,042e,01ef,False,1,-449
2e7b,01ac,2e7b,2e7c,False,0,-1
934d,11fc,8944,8aa2,False,0,-350
83c8,91b7,9230,9234,False,0,-4
02f7,1268,12c7,12d7,False,0,-16
a7c9,0372,a7c6,a7c5,False,0,1
f750,f906,fc00,fc57,False,0,-87
1295,027c,12e4,12fd,False,0,-25
0254,2035,203a,203b,False,0,-1
e498,5b3e,e360,e361,False,0,-1
d44a,4e8b,d14e,d14f,False,0,-1
81e4,af82,af82,af83,False,0,-1
14fe,8fd3,1212,1213,False,0,-1
997d,2475,238b,238a,False,0,1
00da,a10d,a10b,a108,False,0,3
895e,1415,12d2,12d3,False,0,-1
4ce9,dc4d,dbfd,dbfc,False,0,1
44bc,bc87,4334,4335,False,0,-1
e41b,6c58,6aa2,6aa3,False,0,-1
78e1,7b94,7c00,7e3a,False,0,-570
a55b,2c9f,2a90,2a91,False,0,-1
03de,0bd0,0ce0,0ce4,False,0,-4
80ab,a027,a028,a02c,False,0,-4
8100,a846,a846,a847,False,0,-1
027c,066f,0876,08d6,False,0,-96
18ff,00f0,1906,1913,False,0,-13
9b37,0001,9b37,9b27,False,0,16
0243,1c74,1c7d,1c81,False,0,-4
8138,9c6d,9c72,9c77,False,0,-5
0000,0ab2,0ab2,0bb2,False,0,-256
0dcc,8004,0dcb,0d4c,False,0,127
0478,83a6,00d2,0128,False,0,-86
0296,2a09,2a0a,2a0b,False,0,-1
01ad,8093,011a,0068,False,0,178
0fcf,95d5,93c2,93c3,False,0,-1
0add,888a,04a6,0653,False,0,-429
8675,0558,811d,8074,False,0,169
01df,8a60,8970,88e8,False,0,136
87b9,0858,00f7,03b8,False,0,-705
2e1e,b8b7,b7e6,b7e7,False,0,-1
81e0,1b0a,1afb,1af2,False,0,9
f90f,f60c,fc00,fc0a,False,0,-10
8180,1200,11d0,11a8,False,0,40
0042,1877,1879,1888,False,0,-15
81f8,9099,90d8,90f8,False,0,-32
8294,8769,88fe,895a,False,0,-92
684b,dde6,671c,671d,False,0,-1
c8ac,5828,57ba,57bb,False,0,-1
e335,6ce0,6bf3,6bf2,False,0,1
7886,ef9e,7724,7725,False,0,-1
0345,1c68,1c75,1c77,False,0,-2
99aa,8250,99bc,99c3,False,0,-7
ada9,8094,ada9,adaa,False,0,-1
c46d,3f7f,c11a,c11b,False,0,-1
83ff,82be,86bd,875e,False,0,-161
95ab,1d0f,1b48,1b49,False,0,-1
889d,089c,8002,8000,False,0,2
9534,83d8,9572,9573,False,0,-1
96f8,1768,0700,0470,False,0,656
01d3,8ca0,8c2b,8bcb,False,1,-928
2804,8c51,27f7,27f6,False,0,1
8b1b,0842,85b2,86d9,False,0,-295
12c4,8200,1284,1264,False,0,32
80cc,17b4,17a7,178e,False,0,25
82f4,1216,11b8,11a7,False,0,17
9f18,1f71,0d90,0d64,False,0,44
00e8,a6e8,a6e7,a6e6,False,0,1
2219,a1d4,1050,1228,False,0,-472
000a,26c3,26c3,26c5,False,0,-2
0038,a692,a692,a690,False,0,2
8216,2ae8,2ae7,2ae6,False,0,1
018e,1773,178c,179f,False,0,-19
9768,831f,979a,97a1,False,0,-7
cc73,44ff,ca66,ca67,False,0,-1
e3fd,bd90,e400,e000,False,1,0
dad6,6c0d,6bad,6bac,False,0,1
00d8,8a81,8a15,894b,False,0,202
16fc,02bc,1728,1732,False,0,-10
241b,9353,23c1,23c0,False,0,1
01e3,20b5,20b9,20bb,False,0,-2
87c6,8356,898e,89b8,False,0,-42
9f0c,00d8,9f09,9f02,False,0,7
526d,dcb7,dbd3,dbd2,False,0,1
00f6,ae0f,ae0f,ae0e,False,0,1
2c7b,a5d3,2a0c,2a0d,False,0,-1
02d4,9a17,9a00,99fc,False,0,4
1185,0028,118a,11c8,False,0,-62
4deb,dc1c,db7b,db7a,False,0,1
03d0,0b40,0c94,0c9a,False,0,-6
f4fe,fa11,fc00,fc48,False,0,-72
7b4f,6e0f,7c00,7c08,False,0,-8
9850,0216,983f,9838,False,0,7
939b,13b7,00e0,0300,False,0,-544
48e0,c8df,2000,2080,False,0,-128
2b47,0084,2b47,2b48,False,0,-1
4000,8f8f,4000,3c00,False,1,0
b940,3193,b7b6,b7b7,False,0,-1
84ec,07f5,0309,0184,False,0,389
88e6,0b34,049c,064e,False,0,-434
651e,de3b,631e,631f,False,0,-1
4e9f,d538,d320,d321,False,0,-1
29f4,025a,29f5,29f6,False,0,-1
5bc6,7bff,7c00,7c03,False,0,-3
9c7a,811c,9c7e,9c84,False,0,-6
b6dd,4006,3e55,3e54,False,0,1
502f,c61e,4ed6,4ed7,False,0,-1
dda8,56b3,dbf6,dbf7,False,0,-1
f7c0,fbbd,fc00,fdce,False,0,-462
0a1a,985c,97f5,97f4,False,0,1
9220,003c,9218,91dc,False,0,60
02ac,01f2,049e,064f,False,0,-433
0241,2530,2532,2533,False,0,-1
03a8,8ebb,8dd1,8dc6,False,0,11
27bb,8344,27b8,27b7,False,0,1
0122,a664,a663,a661,False,0,2
875c,82ae,8905,895a,False,0,-85
8bbe,0a14,8354,80d5,False,0,639
83e0,88e4,8ad4,8adc,False,0,-8
a380,00ac,a37f,a37b,False,0,4
1bff,02f8,1c0b,1c0d,False,0,-2
f4b5,fbc5,fc00,fd10,False,0,-272
0f53,003e,0f62,0fdb,False,0,-121
c4a6,5048,4f66,4f67,False,0,-1
fbfa,f83f,fc00,fe1c,False,0,-540
0114,1839,1842,184d,False,0,-11
825e,16ae,1688,167b,False,0,13
7903,f2cf,769e,769f,False,0,-1
80d6,1d48,1d45,1d3e,False,0,7
92ed,038e,927b,9274,False,0,7
8e2c,0dc2,81a8,82a0,False,0,-248
1cbe,0000,1cbe,1cc6,False,0,-8
a4a4,010c,a4a3,a4a1,False,0,2
81e9,81c6,83af,85d8,False,-1,471
333d,b356,9a40,9b20,False,0,-224
81ce,2482,2480,247f,False,0,1
84d4,0080,8454,814a,False,1,-246
13c0,82f1,1362,1351,False,0,17
6c00,b16b,6c00,6800,False,1,0
dab6,64c5,63dc,63dd,False,0,-1
176a,8182,1752,173e,False,0,20
0125,a38d,a38b,a388,False,0,3
8d42,0283,8ca1,8c72,False,0,47
a6ed,26e2,8980,8816,False,0,362
8288,11ec,119b,1184,False,0,23
9e7f,02a8,9e74,9e72,False,0,2
445c,bdc7,41d4,41d5,False,0,-1
0eb4,901f,8628,84c5,False,0,355
0ab2,8c33,8368,806d,False,0,763
f742,f88c,fc00,fc16,False,0,-22
8438,0790,0358,01ac,False,0,428
8a30,04bd,87a3,87d2,False,0,-47
2b8a,827e,2b89,2b88,False,0,1
01a2,2fdf,2fdf,2fe0,False,0,-1
053b,8720,81e5,8394,False,0,-431
969c,8044,96a0,96be,False,0,-30
dfba,6c68,6bd9,6bd8,False,0,1
0faf,91d7,8bfe,8bff,False,0,-1
03d2,8400,802e,81c0,False,0,-402
84c0,a7fb,a800,a400,False,1,0
93ba,2073,1fef,1fee,False,0,1
8244,2030,202b,202a,False,0,1
b885,2ce5,b7d1,b7d0,False,0,1
a9fa,023c,a9f9,a9f8,False,0,1
1580,949b,0b28,09ca,False,0,350
8183,ad1e,ad1e,ad1f,False,0,-1
9ef8,81ce,9eff,9f04,False,0,-5
8c8b,0e2a,067c,059f,False,0,221
6805,cfcb,67eb,67ea,False,0,1
0860,8a5e,83fc,80ff,False,0,765
94cf,15c7,0bc0,09f0,False,0,464
9b1e,8228,9b2f,9b37,False,0,-8
01a3,906e,903a,9014,False,0,38
09c0,8b9c,83b8,80ee,False,0,714
00b0,a517,a516,a515,False,0,1
14ba,80d3,14ad,1493,False,0,26
0b46,02db,0c5a,0c7e,False,0,-36
8f8c,0001,8f8c,8f0c,False,0,128
076a,8a36,8502,8681,False,0,-383
0000,88b1,88b1,87b1,False,1,-768
80ab,ad6c,ad6c,ad6d,False,0,-1
0150,9919,990e,9904,False,0,10
2bcb,002b,2bcb,2bcc,False,0,-1
9c0c,0001,9c0c,9c04,False,0,8
0190,ada8,ada8,ada7,False,0,1
b9de,447f,4386,4387,False,0,-1
2be5,b4c1,b389,b388,False,0,1
26ea,010f,26eb,26ed,False,0,-2
978c,173e,84e0,844e,False,0,146
7bff,76f8,7c00,7dbe,False,0,-446
0c70,8e53,878c,85e3,False,0,425
7400,df27,73c7,73c6,False,0,1
0d5a,02c8,0e0c,0e33,False,0,-39
2016,9fb7,0f50,0cea,False,0,614
00aa,1292,12a7,12dd,False,0,-54
0138,0bf6,0c49,0ca2,False,0,-89
0e2e,8140,0dde,0d86,False,0,88
6412,d377,63ad,63ac,False,0,1
1834,820a,1824,181c,False,0,8
8040,9f7a,9f7b,9f82,False,0,-7
82bc,1f4d,1f42,1f40,False,0,2
8cdc,8357,8db2,8dc7,False,0,-21
80c4,9447,9453,946d,False,0,-26
8e02,01f0,8d86,8d44,False,0,66
ac49,248b,aa4c,aa4d,False,0,-1
8a8c,038a,88c7,88aa,False,0,29
2a0f,a9fc,10c0,1098,False,0,40
0ce3,8c74,01bc,02f0,False,0,-308
a810,1618,a7be,a7bf,False,0,-1
7394,7be9,7c00,7ce7,False,0,-231
0576,8064,0512,01a2,False,1,-144
8167,1b60,1b55,1b4a,False,0,11
a30c,229d,92f0,9378,False,0,-136
013c,253e,253f,2541,False,0,-2
fb26,f3e3,fc00,fc8f,False,0,-143
a078,022a,a074,a072,False,0,2
0298,89ab,885f,8805,False,0,90
626f,e972,e7ac,e7ad,False,0,-1
8318,20f5,20ef,20ee,False,0,1
dcee,686a,6798,6799,False,0,-1
1f47,a417,a08a,a08b,False,0,-1
a78e,8306,a791,a792,False,0,-1
8110,a068,a06a,a06d,False,0,-3
1ac4,835a,1aa9,1aa7,False,0,2
003e,1408,140c,142a,False,0,-30
8c3a,0aec,8310,8062,False,0,686
8216,141b,13f3,13d4,False,0,31
a5d6,8209,a5d8,a5d9,False,0,-1
1414,845c,139c,139d,False,0,-1
0090,0a2c,0a74,0b50,False,0,-220
0394,8e60,8d7b,8d6e,False,0,13
a78d,30c9,2faf,2fae,False,0,1
5a6c,e816,e75e,e75f,False,0,-1
0565,0380,0872,0892,False,0,-32
a068,14c6,9f9e,9f9f,False,0,-1
2a45,b438,b2df,b2de,False,0,1
9145,1c24,1af7,1af6,False,0,1
874d,02f2,845b,81ea,False,1,-399
744d,7b1b,7c00,7ca1,False,0,-161
3802,99af,37f9,37f8,False,0,1
0aaf,8b0e,80be,81f0,False,0,-306
ac60,81a8,ac60,ac61,False,0,-1
0594,8435,015f,017c,False,0,-29
81ce,1e24,1e1d,1e18,False,0,5
006c,9d91,9d8f,9d88,False,0,7
0259,0011,026a,0535,False,-1,309
90a5,0ea3,894e,8aa7,False,0,-345
9add,822a,9aee,9af6,False,0,-8
10ac,a806,a7e7,a7e6,False,0,1
2de2,0131,2de2,2de3,False,0,-1
843e,0310,812e,81b0,False,0,-130
7907,7857,7c00,7caf,False,0,-175
8248,a174,a179,a17a,False,0,-1
2519,b426,b3a9,b3a8,False,0,1
100e,02ac,1064,1079,False,0,-21
d985,52bf,d7aa,d7ab,False,0,-1
11db,0378,124a,1252,False,0,-8
8af0,0d3a,0708,05c2,False,0,326
85f5,06d1,00dc,02e0,False,0,-516
00fb,0a67,0ae4,0ba6,False,0,-194
0010,0220,0230,0518,False,-1,280
813f,2e48,2e48,2e47,False,0,1
0181,950a,94f2,94de,False,0,20
41cc,bbc3,3fb6,3fb7,False,0,-1
038c,1196,1208,120f,False,0,-7
03ff,09eb,0bea,0beb,False,0,-1
00d0,8258,8188,8220,False,0,-152
2fec,8010,2fec,2feb,False,0,1
86b0,8226,886b,88e2,False,0,-119
829e,aaf4,aaf5,aaf6,False,0,-1
2c00,a75b,2852,2853,False,0,-1
086a,87e2,00f2,0390,False,0,-670
0146,2c10,2c10,2c11,False,0,-1
81dc,9397,93d2,93f5,False,0,-35
0338,2040,2046,2047,False,0,-1
ad96,80da,ad96,ad97,False,0,-1
68c0,dee6,67c6,67c7,False,0,-1
00f0,1c7b,1c7f,1c85,False,0,-6
8000,a902,a902,a903,False,0,-1
2f48,af2e,1680,15a0,False,0,224
8000,1e4c,1e4c,1e44,False,0,8
1d04,0158,1d09,1d0f,False,0,-6
0cb3,8313,0bdc,0ba1,False,0,59
8d10,0b23,85fa,857e,False,0,124
87b2,05b8,81fa,83e8,False,0,-494
8532,09ed,06a8,0754,False,0,-172
d403,5cac,5b56,5b57,False,0,-1
0adf,9107,8e9e,8e9f,False,0,-1
00ec,1faf,1fb3,1fb9,False,0,-6
f0b7,78ea,7778,7779,False,0,-1
163b,95ba,0808,0902,False,0,-250
01c0,0694,082a,08ba,False,0,-144
3f03,c5a6,c3ca,c3cb,False,0,-1
81b2,154a,152f,151c,False,0,19
0001,952f,952f,950f,False,0,32
8312,1dd9,1dcd,1dcb,False,0,2
26d6,806d,26d6,26d4,False,0,2
87fc,0244,85b8,84da,False,0,222
81ac,af1b,af1b,af1c,False,0,-1
97d5,2041,1e8d,1e8c,False,0,1
8f40,0ee0,8180,8200,False,0,-128
9b78,83d0,9b96,9b97,False,0,-1
aedf,81e9,aedf,aee0,False,0,-1
4cea,c5c7,4af0,4af1,False,0,-1
2897,b01c,adec,aded,False,0,-1
0b12,8272,09d9,0976,False,0,99
8018,1bd8,1bd7,1bc8,False,0,15
8000,9811,9811,9821,False,0,-16
caf5,5400,5243,5242,False,0,1
8e24,0000,8e24,8da4,False,0,128
d464,4ddf,d1d8,d1d9,False,0,-1
a180,8152,a183,a185,False,0,-2
8100,9d14,9d18,9d1e,False,0,-6
ec83,65f7,ea0a,ea0b,False,0,-1
00a6,2550,2551,2552,False,0,-1
8576,04df,8097,80b8,False,0,-33
128e,8002,128e,124e,False,0,64
1d2b,ac14,ab83,ab82,False,0,1
8053,0b41,0b18,0a2c,False,0,236
798b,759d,7c00,7c2d,False,0,-45
3197,e400,e400,e000,False,1,0
9ebb,0026,9eba,9eb3,False,0,7
0279,08c4,0a00,0a62,False,0,-98
1194,8300,1134,1124,False,0,16
018d,0af8,0bbe,0c2e,False,-1,912
0079,0e08,0e26,0e97,False,0,-113
0ffa,8e6f,062c,058b,False,0,161
5848,cb1b,57ad,57ac,False,0,1
0250,9224,91da,91bf,False,0,27
82d4,2185,217f,217e,False,0,1
ca4a,5817,5765,5764,False,0,1
8a58,0853,840a,8605,False,0,-507
2802,00c9,2802,2803,False,0,-1
5800,a554,5800,5400,False,1,0
915e,0fed,899e,8acf,False,0,-305
8e68,033d,8d99,8d80,False,0,25
c0e0,371d,bff9,bff8,False,0,1
97e6,2c00,2bc1,2bc0,False,0,1
1360,8195,132d,1307,False,0,38
0e48,01cf,0ebc,0f02,False,0,-70
9323,13a0,03e8,003e,False,0,938
23c2,a3c4,8100,8000,False,0,256
0877,829e,0650,06d0,False,0,-128
a96c,21d3,a7ee,a7ef,False,0,-1
99c4,0140,99ba,99af,False,0,11
2f19,0125,2f19,2f1a,False,0,-1
009e,aa32,aa32,aa31,False,0,1
aee0,81e0,aee0,aee1,False,0,-1
81f6,9985,9995,999d,False,0,-8
218f,0053,2190,2193,False,0,-3
1fe4,82aa,1fd9,1fd7,False,0,2
02ce,04f6,07c4,082e,False,-1,918
875b,06b4,80a7,8138,False,0,-145
825f,804c,82ab,8556,False,-1,341
95db,0178,95c4,95af,False,0,21
0ed8,8193,0e73,0e26,False,0,77
0290,0d25,0dc9,0df7,False,0,-46
13ba,0137,13e1,1407,False,-1,986
82a7,98c0,98d5,98db,False,0,-6
8f47,80da,8f7e,8fe2,False,0,-100
1200,819b,11cd,11a6,False,0,39
9aee,01f8,9ade,9ad6,False,0,8
84d1,8296,8767,880e,False,-1,857
23e6,0336,23ec,23ed,False,0,-1
087b,88c8,809a,80d0,False,0,-54
1a82,0392,1a9f,1aa0,False,0,-1
88ba,051a,845a,862d,False,0,-467
94d4,14e4,0100,0000,False,0,256
25e3,a607,9080,9120,False,0,-160
289a,a31f,25a4,25a5,False,0,-1
02a7,1147,119c,11b1,False,0,-21
9c80,8180,9c86,9c8b,False,0,-5
116e,91a6,81c0,8300,False,0,-320
9be4,83d8,9c01,9c02,False,0,-1
2000,95fe,1e80,1e81,False,0,-1
1360,81c2,1328,1304,False,0,36
a60a,3408,334f,334e,False,0,1
8040,82d2,8312,8589,False,-1,393
0000,1538,1538,1558,False,0,-32
86ca,0045,8685,84a8,False,0,477
047d,8205,0278,01ea,False,0,142
0ab8,8c83,849c,8527,False,0,-139
0545,857e,8039,8320,False,0,-743
8116,8459,856f,86e4,False,0,-373
0fce,03a6,105c,1061,False,0,-5
81d9,968c,96aa,96bb,False,0,-17
1405,9334,06b0,046b,False,0,581
832e,221f,2219,2218,False,0,1
5ff1,f02c,efd9,efd8,False,0,1
236c,00d4,236e,2371,False,0,-3
8a60,068d,8633,871a,False,0,-231
f442,6ecf,f11c,f11d,False,0,-1
243b,8143,243a,2438,False,0,2
8ce8,0c14,8350,806a,False,0,742
7898,7be4,7c00,7e3e,False,0,-574
a823,3026,2e3a,2e3b,False,0,-1
0214,abfe,abfd,abfc,False,0,1
8240,a4d2,a4d4,a4d5,False,0,-1
cca7,425d,cbb7,cbb6,False,0,1
1de6,97b7,1bf0,1bf1,False,0,-1
070f,8d00,8a78,8a79,False,0,-1
0152,2e8d,2e8d,2e8e,False,0,-1
284c,824d,284b,284a,False,0,1
00df,8966,88f6,882e,False,0,200
2012,011b,2014,2017,False,0,-3
5066,cadf,4d5c,4d5d,False,0,-1
a88f,8012,a88f,a890,False,0,-1
f1e7,fabe,fc00,fc1c,False,0,-28
02e0,8400,8120,8080,False,0,160
84ae,03ff,80af,8174,False,0,-197
80ba,9f9a,9f9d,9fa3,False,0,-6
7bb8,6f1e,7c00,7c4e,False,0,-78
2f77,c030,bfe9,bfe8,False,0,1
0052,9c0b,9c0a,9c02,False,0,8
2cb2,c025,bfff,bffe,False,0,1
d8b0,4f26,d796,d797,False,0,-1
81de,04f3,0315,0102,False,0,531
9e77,0300,9e6b,9e69,False,0,2
296c,8264,296b,296a,False,0,1
8883,0410,84f6,867b,False,0,-389
8056,1930,192d,191f,False,0,14
80b1,a407,a408,a409,False,0,-1
05a3,8d28,8b7e,8b7f,False,0,-1
60cd,ec5d,eb87,eb86,False,0,1
6b2e,f4c1,f3b6,f3b7,False,0,-1
5802,d1a3,5532,5533,False,0,-1
9a42,0339,9a28,9a25,False,0,3
a05d,2c68,2bb9,2bb8,False,0,1
55a0,ce8b,53fa,53fb,False,0,-1
0668,86ef,8087,8038,False,0,79
8d9a,0bbc,86f0,85bc,False,0,308
8461,006a,83f7,8116,False,0,737
a8db,0074,a8db,a8da,False,0,1
0eba,8231,0e2e,0df4,False,0,58
53f8,e400,e380,e381,False,0,-1
5044,c873,4e4e,4e4f,False,0,-1
9151,8200,9191,91b1,False,0,-32
8bca,812d,8c30,8c8b,False,0,-91
ab9b,3197,2f60,2f61,False,0,-1
07d6,c800,c800,c400,False,1,0
9a48,0228,9a37,9a2f,False,0,8
36c6,c048,bede,bedf,False,0,-1
ab7e,348a,3334,3335,False,0,-1
1340,9180,0b00,0b80,False,0,-128
92bd,02d7,9262,9250,False,0,18
bcdc,4c46,4bf0,4bf1,False,0,-1
25b8,0072,25b8,25ba,False,0,-2
85c6,0800,023a,008e,False,0,428
dc00,54a7,d9ac,d9ad,False,0,-1
0062,9851,984e,983f,False,0,15
21d8,0181,21db,21de,False,0,-3
abd9,00cc,abd9,abd8,False,0,1
a1e1,01d4,a1dd,a1db,False,0,2
85f4,0811,022e,008c,False,0,418
9009,05ae,8ea6,8ea7,False,0,-1
a37a,0340,a374,a373,False,0,1
dfea,741b,73f7,73f6,False,0,1
61ad,dbe7,5f66,5f67,False,0,-1
0034,937b,9374,9338,False,0,60
7b80,7a30,7c00,7ed8,False,0,-728
0913,90ba,8eea,8eeb,False,0,-1
8358,2751,274e,274d,False,0,1
a055,0056,a054,a051,False,0,3
809b,2813,2813,2812,False,0,1
01b0,8426,8276,8138,False,0,318
9ed0,0001,9ed0,9ec8,False,0,8
02e2,8492,81b0,8084,False,0,300
10e7,9830,95ec,95ed,False,0,-1
0066,1b91,1b94,1ba3,False,0,-15
0044,06ec,0730,0887,False,-1,681
1b5f,a0fd,9e4a,9e4b,False,0,-1
9986,0248,9974,996d,False,0,7
0010,98a0,98a0,9890,False,0,16
f6b8,fa3a,fc00,fccb,False,0,-203
013a,0b2c,0bc9,0c3d,False,-1,908
8b9e,8342,8ca0,8cb7,False,0,-23
8208,9c40,9c48,9c4c,False,0,-4
e29e,6c65,6b22,6b23,False,0,-1
1ae0,81b4,1ad2,1ac9,False,0,9
54e9,ceb7,5276,5277,False,0,-1
8830,0890,00c0,0200,False,0,-320
5c99,ec01,eb6f,eb6e,False,0,1
81a5,0494,02ef,0306,False,0,-23
1846,96f2,0e68,0f34,False,0,-204
81e9,9d72,9d7a,9d7e,False,0,-4
0250,97d2,97ad,97a0,False,0,13
8564,0936,0508,0684,False,0,-380
9bc7,020e,9bb7,9baf,False,0,8
facb,faa2,fc00,feb6,False,0,-694
9d0e,8000,9d0e,9d16,False,0,-8
0b80,8a1f,02c2,00b0,False,0,530
815c,9bb3,9bbe,9bc8,False,0,-10
0050,8c76,8c62,8bd8,False,1,-886
8d64,103f,0a34,0b1a,False,0,-230
24a0,9d7f,2280,2281,False,0,-1
29bb,02ad,29bc,29bd,False,0,-1
1316,8050,130c,12d1,False,0,59
129a,8361,122e,1224,False,0,10
a7b3,0354,a7b0,a7af,False,0,1
02a1,99bc,99a7,99a1,False,0,6
78e0,77f2,7c00,7c6c,False,0,-108
01ec,040e,05fa,0704,False,0,-266
8268,1be4,1bd1,1bca,False,0,7
01f0,949a,947b,946a,False,0,17
14e5,a03d,9f41,9f40,False,0,1
0362,8088,02da,01b4,False,0,294
0260,8008,0258,00b0,False,0,424
1280,0022,1284,12c2,False,0,-62
3d17,c4fc,c36c,c36d,False,0,-1
1710,96fc,0140,0100,False,0,64
84ed,07c2,02d5,016a,False,0,363
83c6,9b98,9bb6,9bb7,False,0,-1
8180,a18f,a192,a194,False,0,-2
1b9f,9bfc,89d0,88ba,False,0,278
842d,0668,023b,011e,False,0,285
03e2,1876,1895,1896,False,0,-1
4c00,91a2,4c00,4800,False,1,0
b155,3164,1780,14f0,False,0,656
84bb,0000,84bb,815e,False,1,-163
64e7,ec05,e996,e997,False,0,-1
909c,0068,908f,9056,False,0,57
22c8,a2ce,8300,8003,False,0,765
31bf,b84a,b5b4,b5b5,False,0,-1
7b74,7a4a,7c00,7edf,False,0,-735
8445,022d,8218,80ba,False,0,350
b909,312b,b77c,b77d,False,0,-1
f95b,fb7a,fc00,fe6a,False,0,-618
0a17,8b0a,81e6,8398,False,0,-434
0122,1eea,1eef,1ef4,False,0,-5
14e1,8000,14e1,14c1,False,0,32
7b34,77de,7c00,7d92,False,0,-402
85ae,0320,828e,810f,False,0,383
2336,829c,2331,232f,False,0,2
88c1,0c1b,06ea,05ba,False,0,304
214b,83aa,2144,2143,False,0,1
f425,6c7f,f20a,f20b,False,0,-1
0e01,815b,0daa,0d56,False,0,84
0d12,0038,0d20,0d99,False,0,-121
0acd,00f4,0b47,0c05,False,-1,834
019c,856c,83d0,814f,False,0,641
642f,ecd6,eb94,eb95,False,0,-1
03d2,0c0a,0cfe,0d04,False,0,-6
fbca,f322,fc00,fcc9,False,0,-201
818c,8a42,8b08,8ba5,False,0,-157
9812,1363,9472,9473,False,0,-1
81d4,a518,a51a,a51b,False,0,-1
816b,9816,9821,982c,False,0,-11
0898,00d0,0900,09cc,False,0,-204
a513,8179,a514,a516,False,0,-2
03b1,a284,a27d,a27c,False,0,1
7b23,752a,7c00,7cdc,False,0,-220
8072,90d1,90df,9118,False,0,-57
031d,2059,205f,2060,False,0,-1
f058,fbfc,fc00,fc89,False,0,-137
1158,838e,10e6,10df,False,0,7
03ab,0e26,0f11,0f1b,False,0,-10
8dac,0d78,80d0,8280,False,0,-432
03fa,88be,8582,86c0,False,0,-318
2d86,019c,2d86,2d87,False,0,-1
7bdf,7b37,7c00,7f8b,False,0,-907
017f,acbb,acbb,acba,False,0,1
276c,0204,276e,276f,False,0,-1
208d,021f,2091,2093,False,0,-2
07a3,8650,0153,014c,False,0,7
0151,9aa0,9a95,9a8b,False,0,10
89fb,0882,82f2,80bc,False,0,566
1a2c,a800,a73a,a73b,False,0,-1
10b0,8212,106e,104f,False,0,31
8218,22c3,22bf,22bd,False,0,2
005c,1850,1853,1861,False,0,-14
238f,a373,0b00,0838,False,0,712
0050,119f,11a9,11e4,False,0,-59
807e,0321,02a3,0146,False,0,349
20e2,0254,20e7,20e8,False,0,-1
9a3e,1940,8ff0,8ff8,False,0,-8
2223,a234,8840,8822,False,0,30
82f3,8917,8a90,8ad4,False,0,-68
81ce,2435,2433,2432,False,0,1
9377,81c4,93b0,93d3,False,0,-35
03ff,0746,09a2,09a3,False,0,-1
0000,8e83,8e83,8e03,False,0,128
8874,0a95,0442,0621,False,0,-479
8040,296f,296f,296e,False,0,1
83c6,9595,95d1,95d3,False,0,-2
8390,162d,15f4,15f0,False,0,4
0f32,8e98,0268,004d,False,0,539
0058,908a,907f,9044,False,0,59
86d4,0677,805d,81d0,False,0,-371
944c,81b2,9467,947a,False,0,-19
e9eb,7086,6e16,6e17,False,0,-1
197b,a047,9dd0,9dd1,False,0,-1
85a1,0499,8108,8020,False,0,232
9ae2,0000,9ae2,9ad2,False,0,16
8230,9f06,9f0f,9f12,False,0,-3
0024,8a52,8a40,8949,False,0,247
900e,1086,03c0,003c,False,0,900
5c8e,d11d,5bd5,5bd4,False,0,1
012e,2208,220a,220d,False,0,-3
1d30,00b5,1d33,1d39,False,0,-6
8682,076e,00ec,0360,False,0,-628
1002,8c59,0b56,0bab,False,0,-85
08d0,8390,0610,06ec,False,0,-220
7491,7bee,7c00,7d1b,False,0,-283
1717,9776,85f0,845f,False,0,401
80a7,89e4,8a38,8b0e,False,0,-214
0377,1537,156e,1573,False,0,-5
8c84,079f,8938,8939,False,0,-1
82fe,8680,88bf,8900,False,0,-65
0314,02e1,05f5,06fa,False,0,-261
81a5,91d4,9209,922e,False,0,-37
0324,1270,12d4,12e2,False,0,-14
8bbb,0006,8bb8,8aba,False,0,254
0bfc,03f8,0cfc,0cfd,False,0,-1
8ed9,8260,8f71,8fa5,False,0,-52
138a,91bf,0b2c,0b96,False,0,-106
0043,89d0,89ae,88bf,False,0,239
9081,0f55,86b4,84d6,False,0,478
809a,1997,1992,1985,False,0,13
9af2,819f,9aff,9b08,False,0,-9
0394,026c,0600,0700,False,0,-256
0edc,8e1a,0308,0061,False,0,679
0543,8720,81dd,8374,False,0,-407
108e,0290,10e0,10f7,False,0,-23
8221,1fc6,1fbd,1fba,False,0,3
8008,1f67,1f67,1f5f,False,0,8
8864,01ea,86de,86ea,False,0,-12
847e,0445,8039,8320,False,0,-743
0ab8,8646,072a,0795,False,0,-107
1e23,a489,a200,a201,False,0,-1
a80e,206f,a5e4,a5e5,False,0,-1
0bf4,8a03,03e2,00f8,False,0,746
8b37,0163,8a86,89de,False,0,168
82c8,a04d,a053,a054,False,0,-1
08e2,8a2d,8296,80a6,False,0,496
0000,8386,8386,830c,False,0,122
91d5,0142,91ad,9181,False,0,44
0641,844e,01f3,03cc,False,0,-473
2353,8331,234d,234c,False,0,1
83b7,8b10,8c76,8c7f,False,0,-9
0762,8340,0422,01e1,False,1,-447
860b,0a48,0685,0742,False,0,-189
e6cb,6c71,697c,697d,False,0,-1
99e4,01a4,99d7,99cd,False,0,10
9480,083e,93f0,93f1,False,0,-1
0096,97ae,97a5,9789,False,0,28
8001,99cd,99cd,99dd,False,0,-16
1584,9560,0240,0012,False,0,558
64d2,7bde,7c00,7c02,False,0,-2
a24b,838b,a252,a253,False,0,-1
a627,2d60,2bac,2bad,False,0,-1
82ce,201a,2014,2013,False,0,1
a68c,0242,a68a,a689,False,0,1
30e7,b8f5,b776,b777,False,0,-1
01f8,883c,8680,86be,False,0,-62
12bf,9864,9568,9569,False,0,-1
88b8,83c8,8a9c,8aaa,False,0,-14
00c3,983c,9836,9829,False,0,13
f971,fb8b,fc00,fe7e,False,0,-638
9420,14e8,0a40,0990,False,0,176
1b32,014d,1b3c,1b47,False,0,-11
a1b6,8001,a1b6,a1ba,False,0,-4
2492,024e,2494,2495,False,0,-1
2664,8071,2664,2662,False,0,2
011c,08f0,097e,0a37,False,0,-185
0990,805e,0961,0878,False,0,233
2e1a,802e,2e1a,2e19,False,0,1
009f,87f2,8753,85a2,False,0,433
9e9c,1e80,8700,841c,False,0,740
7077,f86b,f69a,f69b,False,0,-1
269b,8358,2698,2697,False,0,1
8171,9e29,9e2f,9e34,False,0,-5
01cb,1370,13a9,13cd,False,0,-36
00c0,a448,a447,a446,False,0,1
1d98,e000,e000,dc00,False,1,0
0000,059e,059e,079e,False,0,-512
1d7e,a880,a7a0,a7a1,False,0,-1
8e2d,0f28,03ec,007e,False,0,878
c62e,5078,4f64,4f65,False,0,-1
8487,04f9,0072,0320,False,0,-686
804e,1619,1614,15f7,False,0,29
02d4,90af,9054,9042,False,0,18
8ce7,801a,8cee,8d6a,False,0,-124
7b80,7692,7c00,7d64,False,0,-356
1460,92cf,0bc4,09f1,False,0,467
1f1e,02d0,1f29,1f2c,False,0,-3
81da,9c2c,9c33,9c38,False,0,-5
30ea,a7f6,2fd6,2fd7,False,0,-1
0030,1f2a,1f2b,1f32,False,0,-7
a474,008e,a473,a472,False,0,1
9ff5,8215,9ffd,a001,False,-1,1020
2e33,b4cb,b27c,b27d,False,0,-1
0728,0245,08b6,0925,False,0,-111
9a05,004c,9a03,99f4,False,0,15
8257,9c05,9c0e,9c12,False,0,-4
8ae0,82e8,8c2a,8c4d,False,0,-35
82e3,a38d,a393,a394,False,0,-1
0617,8864,82b1,80ac,False,0,517
8330,8c6e,8d3a,8d54,False,0,-26
02b0,8408,8158,8180,False,0,-40
02ef,988b,9874,986f,False,0,5
89c6,0bb5,03de,00f8,False,0,742
0084,8eea,8ec9,8e5a,False,0,111
982a,80bc,9830,983d,False,0,-13
9000,0a7b,8cc2,8cc3,False,0,-1
80b0,9f87,9f8a,9f90,False,0,-6
0191,a298,a295,a292,False,0,3
f0a7,7885,76b6,76b7,False,0,-1
5872,ec06,ebc5,ebc4,False,0,1
8171,0a08,0950,08ac,False,0,164
11cc,9368,8a70,8b38,False,0,-200
f913,fb66,fc00,fe3c,False,0,-572
8ee9,0e51,8260,804c,False,0,532
02a4,1a76,1a8b,1a91,False,0,-6
02f2,17c4,17f3,17fc,False,0,-9
c464,3b5d,c2f1,c2f0,False,0,1
832e,9ce8,9cf5,9cf6,False,0,-1
00fb,878f,8694,8512,False,0,386
8300,0fea,0f2a,0f0a,False,0,32
82b6,0ab2,0957,0904,False,0,83
017a,80f7,0083,0018,False,0,107
1c3c,978b,18b2,18b3,False,0,-1
8214,1ffb,1ff3,1fef,False,0,4
002e,98ef,98ee,98de,False,0,16
8240,041b,01db,03d8,False,0,-509
82b2,90cc,9122,9137,False,0,-21
8010,2315,2315,2311,False,0,4
922e,805c,923a,9274,False,0,-58
8214,a4e9,a4eb,a4ec,False,0,-1
8c16,01ed,8b36,8ab0,False,0,134
84ae,067e,01d0,0340,False,0,-368
01cb,09e8,0ace,0b5b,False,0,-141
90f8,004c,90ee,90b3,False,0,59
0000,90ac,90ac,906c,False,0,64
7745,7b74,7c00,7d8b,False,0,-395
4e9b,d478,d1a2,d1a3,False,0,-1
860e,108d,0f96,0f97,False,0,-1
00f8,88cc,8850,878e,False,1,-830
0957,886d,01d4,0350,False,0,-380
82af,137b,1325,1310,False,0,21
9f13,8366,9f21,9f22,False,0,-1
add5,38b0,37eb,37ea,False,0,1
026e,0400,066e,0737,False,0,-201
f34c,fab7,fc00,fc45,False,0,-69
955b,145d,8bf0,89fc,False,0,500
1c15,b006,afcb,afca,False,0,1
f106,fbcb,fc00,fc86,False,0,-134
1715,a0d4,9fe3,9fe2,False,0,1
01a1,0570,0711,0820,False,-1,753
078f,01fa,08c4,0946,False,0,-130
0108,89c0,893c,887e,False,0,190
8319,8a1b,8ba8,8be1,False,0,-57
0394,1ed3,1ee1,1ee2,False,0,-1
7bfe,63c3,7c00,7c0f,False,0,-15
87d6,0144,8692,8534,False,0,350
1cc8,0364,1cd6,1cd7,False,0,-1
9801,18d0,0e78,0f3c,False,0,-196
09e0,8394,0816,07fb,False,1,-997
8f80,81de,8ff8,901e,False,-1,986
8341,8bbd,8caf,8cc7,False,0,-24
0cb9,9022,8b16,8b8b,False,0,-117
29dd,8000,29dd,29dc,False,0,1
8210,8fd6,902d,904c,False,0,-31
9495,81a4,94af,94c2,False,0,-19
15f3,01ca,1610,1621,False,0,-17
088c,8855,006e,02e0,False,0,-626
694d,7bff,7c00,7c2a,False,0,-42
1076,9082,8060,8200,False,0,-416
817e,887f,893e,89de,False,0,-160
8961,0890,81a2,8288,False,0,-230
9938,2c18,2bdc,2bdd,False,0,-1
2796,b098,af4a,af4b,False,0,-1
fbe3,f7a0,fc00,fdda,False,0,-474
9d9c,1d59,8c30,8d0c,False,0,-220
1174,8fc0,0a50,0b28,False,0,-216
93de,0194,93ac,9385,False,0,39
0e5a,0001,0e5a,0eda,False,0,-128
0065,a434,a434,a432,False,0,2
84e1,0853,03c5,00f1,False,0,724
0026,a0f5,a0f5,a0f1,False,0,4
827c,1662,163a,162e,False,0,12
fb7f,f1f2,fc00,fc7e,False,0,-126
15bc,dc00,dc00,d800,False,1,0
03b8,97ed,97b2,97af,False,0,3
f2a7,7929,76fe,76ff,False,0,-1
025c,2569,256b,256c,False,0,-1
83b0,1a68,1a4a,1a49,False,0,1
473c,d466,d3e4,d3e5,False,0,-1
2762,8200,2760,275f,False,0,1
820e,1842,1832,182a,False,0,8
9dc1,8370,9dcf,9dd0,False,0,-1
ec55,614d,eb57,eb56,False,0,1
8d00,839f,8de8,8df4,False,0,-12
a52a,8158,a52b,a52d,False,0,-2
9a30,0370,9a14,9a12,False,0,2
62da,f019,ef57,ef56,False,0,1
80b4,141a,140f,13e8,False,1,-985
8191,89c0,8a88,8b24,False,0,-156
8380,0a16,0856,0836,False,0,32
0eb4,024d,0f47,0f7e,False,0,-55
1aaa,0300,1ac2,1ac6,False,0,-4
7651,7a16,7c00,7c9f,False,0,-159
9397,02de,933b,9329,False,0,18
8520,801b,853b,872e,False,0,-499
fbff,d596,fc00,fc01,False,0,-1
3bf4,cc3c,cbf9,cbf8,False,0,1
b924,500d,4ff1,4ff0,False,0,1
0278,95cf,95a8,959b,False,0,13
a970,2932,97c0,97e0,False,0,-32
01d4,0410,05e4,06fa,False,0,-278
609d,ec36,eb45,eb44,False,0,1
80ac,97d4,97df,97f9,False,0,-26
8354,94a2,94d7,94dd,False,0,-6
02e9,9311,92b4,92a2,False,0,18
ca6b,5052,4d6e,4d6f,False,0,-1
781e,7a6c,7c00,7d45,False,0,-325
2a60,80b2,2a60,2a5f,False,0,1
0208,8127,00e1,0308,False,0,-551
86e3,0dad,0be8,0be9,False,0,-1
7ab1,7b01,7c00,7ed9,False,0,-729
fbd8,e9d3,fc00,fc1b,False,0,-27
93e5,1c0c,1a1f,1a1e,False,0,1
8e37,2008,1fad,1fac,False,0,1
81a8,1b24,1b17,1b0d,False,0,10
8113,a611,a612,a614,False,0,-2
3880,ade6,3786,3787,False,0,-1
93df,0294,938c,9376,False,0,22
c45e,3bbe,c2cc,c2cd,False,0,-1
15d8,83c0,159c,159a,False,0,2
0501,01ac,06ad,07d7,False,0,-298
0178,04fb,0673,07b7,False,0,-324
7a72,73a4,7c00,7c2e,False,0,-46
8ec6,02e4,8e0d,8dea,False,0,35
1504,9526,8220,8011,False,0,527
76d8,7b86,7c00,7d79,False,0,-377
0250,9e35,9e2c,9e28,False,0,4
094b,8062,091a,0832,False,0,232
8c4f,00f9,8c11,8b60,False,1,-847
2b96,0001,2b96,2b97,False,0,-1
110b,a010,9f7f,9f7e,False,0,1
0a9f,8340,08ff,08cf,False,0,48
19e3,0148,19ed,19f8,False,0,-11
1e93,802d,1e92,1e8b,False,0,7
8001,0503,0502,0181,False,1,-127
838e,4000,4000,3c00,False,1,0
830b,0001,830a,8214,False,0,246
33fe,bc0e,ba1c,ba1d,False,0,-1
023c,0bb0,0c67,0ca0,False,0,-57
c233,485d,45a0,45a1,False,0,-1
01a6,954e,9534,9521,False,0,19
a41c,163b,a371,a370,False,0,1
fba7,e9f0,fc00,fc03,False,0,-3
0334,22a8,22ae,22af,False,0,-1
d128,4aaf,cef8,cef9,False,0,-1
8618,07ca,01b2,02c8,False,0,-278
96ee,01c0,96d2,96c0,False,0,18
014d,958d,9578,9563,False,0,21
0001,03bf,03c0,05e0,False,-1,480
2184,027a,2189,218a,False,0,-1
fb12,f467,fc00,fca3,False,0,-163
c41e,3ebb,c0de,c0df,False,0,-1
9c8c,82fc,9c98,9c9a,False,0,-2
f0cf,7862,765c,765d,False,0,-1
2475,b064,afab,afaa,False,0,1
a472,2494,1040,1110,False,0,-208
7bfa,66d8,7c00,7c18,False,0,-24
13a4,0145,13cd,13f8,False,0,-43
8a44,07ca,84be,865f,False,0,-417
7b04,78b5,7c00,7ddc,False,0,-476
79d8,77ce,7c00,7ce0,False,0,-224
7bff,68e8,7c00,7c27,False,0,-39
4c04,bf2c,4b22,4b23,False,0,-1
0621,0024,0645,081a,False,-1,555
0098,a9b3,a9b3,a9b2,False,0,1
029d,1e4d,1e57,1e5a,False,0,-3
f584,6f53,f35e,f35f,False,0,-1
5468,c9ad,5365,5364,False,0,1
d000,191e,d000,cc00,False,1,0
017a,8c85,8c26,8bac,False,1,-902
8086,0c1a,0bf1,0b13,False,0,222
11a0,0155,11cb,11f5,False,0,-42
1056,9112,85e0,84bc,False,0,292
922f,817c,925e,9287,False,0,-41
d405,4233,d3a7,d3a6,False,0,1
0a40,8bc0,8300,80c0,False,0,576
8c08,80c4,8c39,8ca0,False,0,-103
a1ce,0164,a1cb,a1c9,False,0,2
c61f,4d55,4b9a,4b9b,False,0,-1
5cda,d477,5b78,5b79,False,0,-1
81e1,94a2,94c0,94d1,False,0,-17
86ba,0872,022a,008a,False,0,416
83e8,07ba,03d2,01e3,False,0,495
9f83,80e0,9f86,9f8d,False,0,-7
24b0,9be6,2366,2367,False,0,-1
0de0,8fbb,876c,85db,False,0,401
1b9b,81c2,1b8d,1b84,False,0,9
8b57,80ec,8bcd,8c49,False,-1,900
8237,1ae0,1ace,1ac7,False,0,7
8298,2198,2193,2191,False,0,2
98bc,01da,98ad,98a5,False,0,8
8124,ad5a,ad5a,ad5b,False,0,-1
b5b3,3c5a,39da,39db,False,0,-1
0386,10f5,1166,116d,False,0,-7
90f9,0963,8f40,8f41,False,0,-1
82b4,9ef1,9efc,9efe,False,0,-2
f42f,6ec7,f0fa,f0fb,False,0,-1
a00c,81f8,a010,a012,False,0,-2
7bb7,7434,7c00,7ce8,False,0,-232
005a,9efa,9ef9,9ef1,False,0,8
29d2,a9de,8e00,8c30,False,0,464
8168,91cd,91fa,9224,False,0,-42
1566,9490,0ab0,09ac,False,0,260
f79b,fa0d,fc00,fced,False,0,-237
0162,1d48,1d4e,1d53,False,0,-5
02ce,879a,84cc,8433,False,0,153
8388,9104,9175,917c,False,0,-7
15bc,0331,15ef,15f6,False,0,-7
8114,1fba,1fb6,1fb0,False,0,6
016b,10c6,10f3,111d,False,0,-42
ea6c,fba0,fc00,fc03,False,0,-3
99a9,8364,99c4,99c7,False,0,-3
809c,0670,05d4,0422,False,0,434
628e,ec6f,eb3a,eb3b,False,0,-1
8108,9d25,9d29,9d2f,False,0,-6
7bc7,7271,7c00,7cb2,False,0,-178
0bcf,91f1,8ffa,8ffb,False,0,-1
1fe3,a068,9368,93b4,False,0,-76
1792,81c0,1776,1764,False,0,18
195a,01dc,1969,1971,False,0,-8
3ad0,f800,f800,f400,False,1,0
2890,0000,2890,2891,False,0,-1
030e,210a,2110,2111,False,0,-1
0576,8453,0123,008c,False,0,151
34b4,aade,33b0,33b1,False,0,-1
80c8,1443,1436,141d,False,0,25
9875,836f,9890,9893,False,0,-3
0b93,8224,0a81,0a0a,False,0,119
90f4,000d,90f2,90b3,False,0,63
81a2,acc7,acc7,acc8,False,0,-1
056a,8a7a,878a,87c5,False,0,-59
9d1a,1cc6,8d40,8d50,False,0,-16
a400,1fbf,a020,a021,False,0,-1
38c9,b35b,35e4,35e5,False,0,-1
10df,0148,1108,1134,False,0,-44
8383,1045,0fa9,0f9a,False,0,15
0001,10c4,10c4,1104,False,0,-64
9508,0cf3,9396,9397,False,0,-1
0000,aaa6,aaa6,aaa5,False,0,1
8df5,8162,8e4e,8ea1,False,0,-83
8440,09f0,07a0,07d0,False,0,-48
83cb,0ab9,08d4,08c6,False,0,14
51b5,dc31,daf5,daf4,False,0,1
033c,0b8f,0c96,0caf,False,0,-25
0138,04ba,05f2,0756,False,0,-356
0581,8744,81c3,830c,False,0,-329
a833,0020,a833,a832,False,0,1
7932,f393,769a,769b,False,0,-1
8910,0123,887e,87c7,False,1,-841
8097,aa23,aa23,aa24,False,0,-1
38d1,cc16,cbdf,cbde,False,0,1
1681,0001,1681,16a1,False,0,-32
8268,165f,1638,162c,False,0,12
0201,a1d9,a1d5,a1d3,False,0,2
8654,0a40,062c,0716,False,0,-234
2940,807e,2940,293f,False,0,1
2590,e400,e400,e000,False,1,0
79bc,76c9,7c00,7c90,False,0,-144
8f15,0048,8f03,8e8c,False,0,119
84b0,06ad,01fd,03f4,False,0,-503
2188,8110,2186,2183,False,0,3
03b4,9411,93ac,93a6,False,0,6
d2df,587b,5586,5587,False,0,-1
94b5,281e,27f1,27f0,False,0,1
faaa,f43b,fc00,fc64,False,0,-100
84e0,08de,04dc,066e,False,0,-402
00c5,9d6f,9d6c,9d65,False,0,7
2517,011d,2518,251a,False,0,-2
8374,932f,939e,93a6,False,0,-8
640f,df1b,6090,6091,False,0,-1
3c11,a4ea,3bfb,3bfa,False,0,1
8252,0295,0043,0030,False,0,19
bc09,3205,ba91,ba90,False,0,1
8ecd,10ed,0a1a,0b0d,False,0,-243
e061,52f9,dfe3,dfe2,False,0,1
8000,0300,0300,0200,False,0,256
a36f,23ac,0fa0,0cf4,False,0,684
87a7,81ea,88c8,894e,False,0,-134
0589,8776,81ed,83b4,False,0,-455
1c4c,01d4,1c53,1c58,False,0,-5
a2a8,231c,1340,13a0,False,0,-96
0c38,02d6,0cee,0d13,False,0,-37
fbff,f625,fc00,fd89,False,0,-393
a5ff,0218,a5fd,a5fc,False,0,1
80d0,1cf9,1cf6,1cef,False,0,7
b82c,4836,47e6,47e7,False,0,-1
04ea,8150,039a,0121,False,0,633
5000,cb5f,4c50,4c51,False,0,-1
4d42,c74f,4adc,4add,False,0,-1
833c,8b33,8c68,8c81,False,0,-25
0263,125d,12a9,12c3,False,0,-26
10ff,91be,85f8,84bf,False,0,313
0061,1000,100c,1046,False,0,-58
0f32,90c8,88bc,8a5e,False,0,-418
17c8,803c,17c4,17a6,False,0,30
8062,2b38,2b38,2b37,False,0,1
ad0c,8140,ad0c,ad0d,False,0,-1
ac2a,0160,ac2a,ac29,False,0,1
0234,0b91,0c56,0c8f,False,0,-57
3036,a636,2ede,2edf,False,0,-1
0000,a31c,a31c,a318,False,0,4
1b1c,00e5,1b23,1b30,False,0,-13
a4aa,0372,a4a7,a4a6,False,0,1
82d3,90d9,9133,9146,False,0,-19
0286,a113,a10e,a10c,False,0,2
81e2,0a2a,0939,08b2,False,0,135
dd94,7012,6fcb,6fca,False,0,1
ae44,800f,ae44,ae45,False,0,-1
a936,00df,a936,a935,False,0,1
8ae0,0928,8370,80dc,False,0,660
80ac,840d,84b9,8663,False,0,-426
0d28,8266,0c8e,0c5b,False,0,51
801a,ae38,ae38,ae39,False,0,-1
837a,8365,86df,8770,False,0,-145
98c3,0300,98ab,98a7,False,0,4
846f,091f,05cf,06e8,False,0,-281
d733,5ce8,5a36,5a37,False,0,-1
8aed,803b,8b0a,8bfc,False,0,-242
0a0c,8a33,804e,80e0,False,0,-146
0a37,0264,0b69,0bd0,False,0,-103
085d,82b0,060a,06b1,False,0,-167
9313,0258,92c8,92ae,False,0,26
9500,8016,9501,9521,False,0,-32
173d,00d0,174a,1764,False,0,-26
0001,a930,a930,a92f,False,0,1
8746,8000,8746,88a3,False,-1,675
0c12,0353,0ce7,0cfc,False,0,-21
76ea,7a71,7c00,7cf3,False,0,-243
d080,4bd7,cd14,cd15,False,0,-1
9325,00c5,930c,92d9,False,0,51
9640,82ed,966f,9677,False,0,-8
a0ea,3025,2fad,2fac,False,0,1
26c3,0204,26c5,26c6,False,0,-1
00e2,a3dc,a3da,a3d7,False,0,3
22d4,8121,22d2,22cf,False,0,3
a4c5,80a6,a4c6,a4c7,False,0,-1
db4e,642d,6286,6287,False,0,-1
9ab3,8159,9abe,9ac8,False,0,-10
865f,0c40,0950,0951,False,0,-1
e8a2,60cb,e6de,e6df,False,0,-1
0a31,81d4,0947,08bc,False,0,139
8231,2450,244e,244d,False,0,1
8248,1727,1702,16f5,False,0,13
100c,0232,1052,106f,False,0,-29
0494,0053,04e7,06be,False,0,-471
11df,986e,95ec,95ed,False,0,-1
90b5,014c,908c,9060,False,0,44
8606,8051,8657,8817,False,-1,576
7a84,73c0,7c00,7c3a,False,0,-58
057f,8c46,89cc,89cd,False,0,-1
aa81,82c5,aa82,aa83,False,0,-1
8001,9800,9800,9810,False,0,-16
8c36,01a6,8b99,8b03,False,0,150
2a3c,02fa,2a3d,2a3e,False,0,-1
1ddd,81fc,1dd5,1dd1,False,0,4
885b,00e4,87d2,8722,False,0,176
9ba7,8300,9bbf,9bc3,False,0,-4
0f14,806c,0ef9,0e86,False,0,115
0000,0540,0540,0740,False,0,-512
aa1c,5001,4fff,4ffe,False,0,1
0326,12b0,1315,1322,False,0,-13
0127,17c1,17d3,17ea,False,0,-23
a71f,9b07,a800,a400,False,1,0
0326,9ca9,9c9c,9c9b,False,0,1
94e0,831b,9512,9519,False,0,-7
807f,a206,a207,a20a,False,0,-3
8110,04a8,0398,0110,False,0,648
800a,0bf5,0bf0,0af2,False,0,254
246f,80b0,246e,246d,False,0,1
1479,0148,148e,14a3,False,0,-21
7b46,70b4,7c00,7c3a,False,0,-58
0036,1054,105b,1097,False,0,-60
3586,c009,beb0,beb1,False,0,-1
1413,01ac,142e,1440,False,0,-18
86c3,8143,8803,88b2,False,0,-175
9616,0328,95e4,95dd,False,0,7
8016,15b9,15b8,1598,False,0,32
11f1,82d0,1197,1184,False,0,19
37ad,c0da,bfc9,bfc8,False,0,1
a3f8,2383,9350,93a8,False,0,-88
83ff,80aa,84a9,8654,False,0,-427
fa7d,f588,fc00,fca0,False,0,-160
15d3,01fb,15f3,1603,False,0,-16
003a,21f1,21f1,21f5,False,0,-4
fb7c,f9af,fc00,fe96,False,0,-662
9c14,00cd,9c11,9c0a,False,0,7
8b39,0812,864e,8727,False,0,-217
1e83,015e,1e88,1e8e,False,0,-6
1b3e,036c,1b59,1b5c,False,0,-3
03ff,8687,8288,8144,False,0,324
09de,8a84,814c,8130,False,0,28
90d6,01fa,9097,9076,False,0,33
2fbf,0180,2fbf,2fc0,False,0,-1
4419,aef0,43fa,43fb,False,0,-1
8568,006c,84fc,8199,False,1,-157
87ae,0afa,0646,0723,False,0,-221
82c5,9d70,9d7b,9d7e,False,0,-3
342e,a217,33fb,33fa,False,0,1
8df1,0be6,87f8,85fe,False,0,506
03b6,9633,95f8,95f5,False,0,3
c607,4d73,4be2,4be3,False,0,-1
75e4,79a1,7c00,7c4a,False,0,-74
c88f,5000,4db8,4db9,False,0,-1
fa5d,f9b0,fc00,fe06,False,0,-518
854c,8074,85c0,8786,False,0,-454
e803,4d47,e7f1,e7f0,False,0,1
2016,8128,2014,2011,False,0,3
9c94,8278,9c9e,9ca1,False,0,-3
97c4,0334,9791,978a,False,0,7
0148,9b9f,9b95,9b8a,False,0,11
fbff,e440,fc00,fc10,False,0,-16
8358,8e42,8f18,8f2d,False,0,-21
0e98,016e,0ef4,0f46,False,0,-82
0178,1dd8,1dde,1de3,False,0,-5
1d4c,02d4,1d57,1d5a,False,0,-3
81b1,2775,2773,2772,False,0,1
d14d,4947,cff6,cff7,False,0,-1
8053,9bb2,9bb5,9bc3,False,0,-14
007f,9260,9250,9218,False,0,56
e3f3,697d,6700,6701,False,0,-1
1dda,ac5a,abf9,abf8,False,0,1
9f11,1e9f,8f20,8dc8,False,0,344
90d4,8341,913c,9148,False,0,-12
41e9,d000,cf43,cf42,False,0,1
050b,8c8c,8a92,8a93,False,0,-1
e0a1,5516,dffc,dffd,False,0,-1
1678,8100,1668,1650,False,0,24
12fd,8119,12da,12ab,False,0,47
17c6,8318,1794,178d,False,0,7
83ab,1adc,1abf,1abd,False,0,2
1097,9053,0220,0022,False,0,510
3c05,b55b,395c,395d,False,0,-1
122e,82c1,11d6,11c2,False,0,20
83c4,9e8f,9e9e,9e9f,False,0,-1
ae7d,382a,36b5,36b4,False,0,1
7bff,5c54,7c00,7c04,False,0,-4
004c,01f0,023c,051e,False,-1,286
0134,2d9b,2d9b,2d9c,False,0,-1
0135,1096,10bd,10e9,False,0,-44
0090,2fd8,2fd8,2fd9,False,0,-1
b45c,26ca,b3df,b3de,False,0,1
02e4,8972,8800,87b9,False,1,-953
a3e0,00c3,a3de,a3db,False,0,3
8364,8cb0,8d89,8d9c,False,0,-19
2764,8042,2764,2762,False,0,2
0653,86a1,804e,80e0,False,0,-146
8f1b,0eb0,81ac,82b0,False,0,-260
2e38,01b4,2e38,2e39,False,0,-1
8807,083c,006a,02a0,False,0,-566
dcee,56cf,da74,da75,False,0,-1
fb84,f45c,fc00,fcd9,False,0,-217
28ba,0254,28bb,28bc,False,0,-1
76b2,7933,7c00,7c46,False,0,-70
ac2b,279b,a888,a889,False,0,-1
0130,243e,243f,2441,False,0,-2
6400,92df,6400,6000,False,1,0
0080,0b78,0bb8,0c4c,False,-1,876
9bfa,1be4,82c0,800b,False,0,693
8001,87e0,87e1,88f0,False,-1,753
0aef,0050,0b17,0c02,False,-1,789
fb01,f6bf,fc00,fd30,False,0,-304
0370,17f8,1818,181a,False,0,-2
f8e8,f6e6,fc00,fc2e,False,0,-46
a203,827f,a208,a209,False,0,-1
c4f6,501f,4f00,4f01,False,0,-1
82e6,13b3,1356,1345,False,0,17
2bc5,b4dc,b3c7,b3c6,False,0,1
da56,7406,73f3,73f2,False,0,1
672e,f0c0,efb4,efb5,False,0,-1
0e5d,803b,0e4e,0dd6,False,0,120
ae08,80a3,ae08,ae09,False,0,-1
9fcb,8226,9fd4,9fd7,False,0,-3
01f4,0f6c,0fe9,1015,False,-1,980
5d14,d597,5b5c,5b5d,False,0,-1
f46e,679a,f3e9,f3e8,False,0,1
81e9,1e54,1e4c,1e48,False,0,4
0001,2c9b,2c9b,2c9c,False,0,-1
02ce,2a9e,2a9f,2aa0,False,0,-1
8274,9e5a,9e64,9e67,False,0,-3
80c5,2cb0,2cb0,2caf,False,0,1
0cff,860f,0af6,0af7,False,0,-1
8350,2700,26fd,26fc,False,0,1
dc96,5563,da7a,da7b,False,0,-1
8d37,0e9c,0594,0565,False,0,47
8e30,81c7,8ea2,8ee9,False,0,-71
f053,6b4b,ed00,ed01,False,0,-1
853f,83a6,8872,8889,False,0,-23
3e5f,c588,c3e0,c3e1,False,0,-1
87f6,06ab,814b,812c,False,0,31
17ec,81e0,17ce,17bd,False,0,17
86a9,8001,86aa,8855,False,-1,597
8122,9509,951b,9532,False,0,-23
2bb0,005c,2bb0,2bb1,False,0,-1
a299,0000,a299,a295,False,0,4
2063,01d8,2067,2069,False,0,-2
8068,05e5,057d,01d8,False,1,-91
f20c,facb,fc00,fc27,False,0,-39
1090,8000,1090,1050,False,0,64
8c1f,81fc,8c9e,8cde,False,0,-64
0040,9c44,9c43,9c3c,False,0,7
8211,9a5b,9a6c,9a73,False,0,-7
141b,93a7,0478,0448,False,0,48
93b6,1400,0250,0012,False,0,574
91e7,1855,15b6,15b7,False,0,-1
0bcc,8d14,84b8,852e,False,0,-118
0078,2fc2,2fc2,2fc3,False,0,-1
62e0,587e,6400,6000,False,1,0
d420,464a,d377,d376,False,0,1
9eb8,009d,9eb6,9eaf,False,0,7
8184,23ab,23a8,23a5,False,0,3
5c09,c4a2,5bed,5bec,False,0,1
a280,83ac,a287,a288,False,0,-1
1ae0,00a8,1ae5,1af3,False,0,-14
1238,800a,1237,11f7,False,0,64
19a0,9a63,8e18,8f0c,False,0,-244
8001,95b2,95b2,95d2,False,0,-32
5410,c077,53d9,53d8,False,0,1
f914,f957,fc00,fd36,False,0,-310
92db,12bc,80f8,83c0,False,0,-712
0258,a16c,a167,a166,False,0,1
88e4,04b4,8514,868a,False,0,-374
8117,a202,a204,a207,False,0,-3
2db7,b484,b22c,b22d,False,0,-1
f800,39a0,f800,f400,False,1,0
0320,89fa,886a,8832,False,0,56
d677,fbff,fc00,fc01,False,0,-1
703a,7be2,7c00,7c78,False,0,-120
0588,8529,005f,01f0,False,0,-401
143e,8e37,1160,1161,False,0,-1
0b77,8789,0765,07b2,False,0,-77
0a97,8a51,008c,0060,False,0,44
2715,8070,2715,2713,False,0,2
8e47,83a6,8f30,8f3c,False,0,-12
b956,5404,53f3,53f2,False,0,1
0059,9200,91f5,91ba,False,0,59
9521,15ab,0850,0914,False,0,-196
95b2,15f5,0430,0443,False,0,-19
794c,7735,7c00,7c73,False,0,-115
8269,9d30,9d3a,9d3d,False,0,-3
f7b7,fbdc,fc00,fddc,False,0,-476
184e,9920,8e90,8f48,False,0,-184
12f2,946e,8ba8,89ea,False,0,446
97bb,188f,0d8c,0ec6,False,0,-314
87bc,07f8,003c,0380,False,0,-836
0176,16fa,1711,1726,False,0,-21
2cac,00d2,2cac,2cad,False,0,-1
98bc,0edd,97c1,97c0,False,0,1
1098,0022,109c,10da,False,0,-62
9a95,02d9,9a7e,9a7a,False,0,4
8001,981e,981e,982e,False,0,-16
7053,e379,6fb7,6fb6,False,0,1
025a,a283,a27e,a27d,False,0,1
9435,0090,942c,9410,False,0,28
0908,865e,03b2,00ec,False,0,710
83ea,9b55,9b74,9b75,False,0,-1
a0af,5800,5800,5400,False,1,0
022d,071a,08a4,0918,False,0,-116
0154,1e42,1e47,1e4d,False,0,-6
50ca,ca23,4e82,4e83,False,0,-1
ac38,00ee,ac38,ac37,False,0,1
68b1,e187,669e,669f,False,0,-1
00e1,9613,9605,95ec,False,0,25
00c4,895d,88fb,882c,False,0,207
80e4,20ab,20a9,20a6,False,0,3
94d5,0ec3,9248,9249,False,0,-1
3c66,b593,3a02,3a03,False,0,-1
0211,2237,223b,223d,False,0,-2
018a,a58b,a589,a588,False,0,1
0640,8777,8137,80dc,False,0,91
8877,0814,80c6,8230,False,0,-362
103d,8ce7,0b26,0b93,False,0,-109
811d,8bcf,8c2f,8c8b,False,0,-92
1cb8,0153,1cbd,1cc3,False,0,-6
8400,0250,81b0,82c0,False,0,-272
dc42,4ffc,db84,db85,False,0,-1
c734,581d,57c7,57c6,False,0,1
7bb5,7a11,7c00,7ee3,False,0,-739
202b,96d6,1ea0,1ea1,False,0,-1
1cc8,81c0,1cc1,1cbc,False,0,5
0ac0,883f,0502,0681,False,0,-383
9ed4,0001,9ed4,9ecc,False,0,8
96a5,0388,966c,9669,False,0,3
f755,f9e0,fc00,fcc5,False,0,-197
0f3c,912a,8a30,8b18,False,0,-232
1baa,83ef,1b8b,1b8a,False,0,1
013a,83bb,8281,8102,False,0,383
3b85,c409,c231,c230,False,0,1
a418,1c2b,a21a,a21b,False,0,-1
8bdf,81c4,8c60,8ca8,False,0,-72
908c,8010,908e,90cd,False,0,-63
0a74,8170,09bc,0918,False,0,164
0366,001c,0382,05c1,False,-1,449
81e8,8ed8,8f52,8f95,False,0,-67
2f78,81b8,2f78,2f77,False,0,1
8d93,0023,8d8a,8d0f,False,0,123
176e,8000,176e,174e,False,0,32
600f,d31b,5f3b,5f3a,False,0,1
920f,13d0,0b04,0b82,False,0,-126
0490,02a0,0730,07e0,False,0,-176
05ff,8201,03fe,017f,False,0,639
9513,1529,0160,0180,False,0,-32
7798,78ae,7c00,7c3d,False,0,-61
906c,80be,9084,90b8,False,0,-52
8cf0,02f0,8c34,8c12,False,0,34
9e70,8043,9e71,9e79,False,0,-8
acc7,0181,acc7,acc6,False,0,1
8089,9798,97a1,97bc,False,0,-27
906f,829b,90c2,90d9,False,0,-23
032d,8d18,8c4d,8c32,False,0,27
8b75,070a,87e0,87f0,False,0,-16
9b45,2431,2291,2290,False,0,1
7bdf,79ae,7c00,7ec6,False,0,-710
0fdb,91e2,8bd2,8be9,False,0,-23
82a8,1203,11ae,1198,False,0,22
8014,0b0f,0b05,0a0a,False,0,251
8a68,0149,89c4,8916,False,0,174
09f4,87fc,03ec,00fb,False,0,753
0f98,82a6,0eee,0ec3,False,0,43
d042,41d9,cfc9,cfc8,False,0,1
0a2b,806b,09f6,0910,False,0,230
827e,9b98,9bac,9bb2,False,0,-6
1f18,9f8a,8f20,8dc8,False,0,344
115d,0292,11af,11c6,False,0,-23
0154,26a3,26a4,26a6,False,0,-2
91b1,0b77,8fa6,8fa7,False,0,-1
82c5,89d2,8b34,8b83,False,0,-79
1ad8,0068,1adb,1aea,False,0,-15
0230,8f95,8f09,8ecf,False,0,58
bcfe,37bb,ba1e,ba1f,False,0,-1
048f,8132,035d,03d8,False,0,-123
8b28,01c0,8a48,89b8,False,0,144
8c9b,0d9b,0400,0500,False,0,-256
028e,178c,17b5,17c0,False,0,-11
1eee,9eb6,0b00,0870,False,0,656
8d40,107c,0b70,0bb8,False,0,-72
d000,1d56,d000,cc00,False,1,0
cff4,b1cd,d000,cc00,False,1,0
3109,b0ed,1b00,1b80,False,0,-128
8240,9ce3,9cec,9cf0,False,0,-4
a0bb,2893,26c8,26c9,False,0,-1
90cb,0b8f,8dce,8dcf,False,0,-1
18f5,8387,18d9,18d7,False,0,2
0aa9,01d4,0b93,0c0f,False,-1,900
8d58,0260,8cc0,8c8c,False,0,52
81a0,2f9f,2f9f,2f9e,False,0,1
0040,9403,93fe,93c2,False,0,60
9108,12dc,0b50,0ba8,False,0,-88
7a06,79b0,7c00,7ddb,False,0,-475
1070,90c0,8280,8028,False,0,600
837e,8218,8596,86cb,False,0,-309
5caf,e4aa,e2fc,e2fd,False,0,-1
a778,8317,a77b,a77c,False,0,-1
0528,85a3,807b,83b0,False,0,-821
8777,0665,8112,8048,False,0,202
1931,9137,17c6,17c7,False,0,-1
97d8,03c8,979c,979a,False,0,2
0045,9d0a,9d09,9d01,False,0,8
f072,fb59,fc00,fc3b,False,0,-59
9d18,811e,9d1c,9d22,False,0,-6
3c5e,b11d,3b75,3b74,False,0,1
1b42,9b19,0520,0429,False,0,247
81a8,1d26,1d1f,1d1b,False,0,4
0a3c,84ad,07cb,07e6,False,0,-27
080e,85ee,022e,008c,False,0,418
040e,893c,866a,8735,False,0,-203
8718,0649,80cf,8278,False,0,-425
761a,7b20,7c00,7d16,False,0,-278
96b4,0012,96b3,9693,False,0,32
193d,98f0,08d0,089a,False,0,54
7000,aa8a,7000,6c00,False,1,0
85dd,0582,805b,81b0,False,0,-341
82cc,9241,929a,92ae,False,0,-20
8257,0000,8257,80ae,False,0,425
95b3,0024,95b1,9592,False,0,31
954b,15fc,0988,0962,False,0,38
acc7,01f8,acc7,acc6,False,0,1
808b,a5ba,a5bb,a5bc,False,0,-1
0857,8964,821a,8086,False,0,404
cc00,03ff,cc00,c800,False,1,0
0a5f,01ea,0b54,0bda,False,0,-134
8c71,0c1a,815c,8170,False,0,-20
20f8,0000,20f8,20fc,False,0,-4
8108,11f2,11d1,11a2,False,0,47
805d,1e20,1e1f,1e17,False,0,8
aace,02ca,aacd,aacc,False,0,1
2b1c,8090,2b1c,2b1b,False,0,1
2692,a6cb,9320,91c8,False,0,344
796d,76b0,7c00,7c62,False,0,-98
2800,8180,27fe,27fd,False,0,1
99f1,024c,99df,99d8,False,0,7
20d4,977e,1fc8,1fc9,False,0,-1
050b,8897,8423,8612,False,0,-495
8253,045a,0207,00c2,False,0,325
08fa,897a,8100,8000,False,0,256
00b7,a622,a621,a620,False,0,1
327c,b295,9a40,9b20,False,0,-224
649a,d905,63f3,63f2,False,0,1
2cb8,a5b7,2a94,2a95,False,0,-1
199c,8160,1991,1986,False,0,11
7b87,77fe,7c00,7dc3,False,0,-451
165a,81a2,1640,162d,False,0,19
29a8,57ff,5800,5400,False,1,0
0260,9b21,9b0e,9b08,False,0,6
95ba,2436,23b5,23b4,False,0,1
2f9b,80d4,2f9b,2f9a,False,0,1
0d20,8c29,03dc,007c,False,0,864
1672,8315,1641,1639,False,0,8
1466,888e,13a8,13a9,False,0,-1
1846,91df,159c,159d,False,0,-1
1c40,82c4,1c35,1c32,False,0,3
7ba0,75e0,7c00,7d48,False,0,-328
4c24,c1f6,4aca,4acb,False,0,-1
fa2a,faa8,fc00,fe69,False,0,-617
1017,02da,1072,1085,False,0,-19
98b0,82c8,98c6,98cb,False,0,-5
643a,dba6,628a,628b,False,0,-1
9884,03af,9867,9865,False,0,2
0b4c,82a8,09f8,09a2,False,0,86
bc00,00c2,bc00,b800,False,1,0
82dc,007a,8262,80c4,False,0,414
2008,80b8,2007,2003,False,0,4
29a0,021a,29a1,29a2,False,0,-1
8015,2ae2,2ae2,2ae1,False,0,1
002c,ad53,ad53,ad52,False,0,1
2d66,ad56,1400,1500,False,0,-256
844e,036c,80e2,80c0,False,0,34
a0e0,20c6,8a80,8834,False,0,588
19c1,93af,17aa,17ab,False,0,-1
0327,195c,1975,1979,False,0,-4
1f2e,0270,1f38,1f3b,False,0,-3
08cf,88d8,8012,8080,False,0,-110
8b7f,1094,0d68,0d69,False,0,-1
0236,0ace,0be9,0c2e,False,-1,955
5006,b395,4ffd,4ffc,False,0,1
2c9a,0183,2c9a,2c9b,False,0,-1
9a40,1b3d,0fe8,0ff4,False,0,-12
02a4,8f9c,8ef3,8ec8,False,0,43
9424,03f0,93ca,93c9,False,0,1
48c8,bebd,47e1,47e0,False,0,1
4357,c941,c6d6,c6d7,False,0,-1
8c7b,0d33,02e0,005c,False,0,644
24d0,8129,24cf,24cd,False,0,2
1c9a,81ac,1c93,1c8f,False,0,4
026c,0b88,0c5f,0c92,False,0,-51
0000,9036,9036,8fec,False,1,-950
8b9e,026f,8a66,8a02,False,0,100
100e,007c,101e,1056,False,0,-56
83c0,029d,8123,808c,False,0,151
8c18,0d23,042c,050b,False,0,-223
8358,9028,9093,909e,False,0,-11
3c25,b0c5,3b19,3b18,False,0,1
4591,bfeb,432c,432d,False,0,-1
c69b,4ce9,4a84,4a85,False,0,-1
017b,977d,9765,9751,False,0,20
0010,2e51,2e51,2e52,False,0,-1
49b4,c36b,47b2,47b3,False,0,-1
18ff,01ec,190e,1917,False,0,-9
3475,acbf,328a,328b,False,0,-1
8b58,81ba,8c1a,8c63,False,0,-73
026d,1f53,1f5d,1f60,False,0,-3
817e,0e24,0dc4,0d74,False,0,80
b3e8,33cf,9a40,9b20,False,0,-224
8efb,0fa3,02a0,0054,False,0,588
0d00,8081,0ce0,0c70,False,0,112
809d,8565,8602,87b4,False,0,-434
82e9,1990,1979,1974,False,0,5
806e,29be,29be,29bd,False,0,1
9537,802d,953a,9558,False,0,-30
8207,ab7c,ab7d,ab7e,False,0,-1
8136,95e0,95f3,960a,False,0,-23
867a,0a8f,06a4,0752,False,0,-174
0dd0,80a0,0da8,0d3c,False,0,108
88ad,08ed,0080,0000,False,0,128
9059,0180,9029,9001,False,0,40
7459,7ac0,7c00,7c76,False,0,-118
8009,989a,989a,98aa,False,0,-16
070a,8000,070a,050a,False,0,512
1d88,01f3,1d90,1d94,False,0,-4
83bc,a27a,a281,a282,False,0,-1
fab7,f2ce,fc00,fc35,False,0,-53
0ea8,8e8a,0078,0380,False,0,-776
2c07,a693,28c4,28c5,False,0,-1
263a,0000,263a,263c,False,0,-2
82d6,1e90,1e85,1e82,False,0,3
301f,a807,2e3a,2e3b,False,0,-1
834a,1428,13e7,13db,False,0,12
951e,035c,94e8,94e3,False,0,5
9c70,8001,9c70,9c78,False,0,-8
8040,895f,897f,8a6f,False,0,-240
f916,fa3f,fc00,fdaa,False,0,-426
13e6,94e6,8b98,89e6,False,0,434
24e0,0067,24e0,24e2,False,0,-2
20fb,81e3,20f7,20f5,False,0,2
9874,195a,0f30,0f98,False,0,-104
789d,7b1d,7c00,7ddd,False,0,-477
02ea,1325,1382,1394,False,0,-18
1765,020c,1786,1795,False,0,-15
3f6e,c818,c654,c655,False,0,-1
44eb,bf0b,4250,4251,False,0,-1
8e24,0f32,0438,050e,False,0,-214
440b,b769,4329,4328,False,0,1
02e8,08f9,0a6d,0ab3,False,0,-70
0382,9480,9448,9444,False,0,4
7a18,7a59,7c00,7e38,False,0,-568
9450,068b,93cf,93ce,False,0,1
831e,9abc,9ad5,9ad8,False,0,-3
8722,03e0,8342,8199,False,0,425
2e51,0020,2e51,2e52,False,0,-1
85c3,83b0,88ba,88ce,False,0,-20
035b,a408,a405,a404,False,0,1
1be3,9b22,0e08,0f04,False,0,-252
1c16,8156,1c11,1c0b,False,0,6
81cc,0798,05cc,04b2,False,0,282
c800,1c18,c7ff,c7fe,False,0,1
a7d4,917f,a800,a400,False,1,0
8470,0383,80ed,8174,False,0,-135
f9cd,fab5,fc00,fe41,False,0,-577
9820,1750,8b80,88f0,False,0,656
8318,8d25,8deb,8e08,False,0,-29
00a5,1c5a,1c5d,1c63,False,0,-6
8bf0,8140,8c48,8ca0,False,0,-88
d56c,640b,6368,6369,False,0,-1
5313,d892,d59a,d59b,False,0,-1
90c5,0957,8ede,8edf,False,0,-1
91be,825f,920a,9224,False,0,-26
0364,0888,0a3a,0a61,False,0,-39
6bd9,7bff,7c00,7c3e,False,0,-62
94a4,8163,94ba,94cf,False,0,-21
a854,1c66,a78e,a78f,False,0,-1
0e38,907a,8978,8abc,False,0,-324
87a4,08e0,021c,0087,False,0,405
129b,830a,123a,122a,False,0,16
8040,992d,992f,993e,False,0,-15
8990,06a3,847d,863e,False,0,-449
805e,2780,2780,277e,False,0,2
171f,97e4,8a28,898a,False,0,158
01f1,213a,213e,2140,False,0,-2
881c,04fc,833c,80cf,False,0,621
be8f,4550,4358,4359,False,0,-1
2046,ac1f,ab2c,ab2d,False,0,-1
8078,9c16,9c18,9c1f,False,0,-7
0390,1d0d,1d1b,1d1c,False,0,-1
2442,9ab6,22d6,22d7,False,0,-1
800a,aac7,aac7,aac8,False,0,-1
fb64,f8f6,fc00,fe2d,False,0,-557
86b7,04d8,81df,837c,False,0,-413
9bd0,8020,9bd1,9be0,False,0,-15
1126,8ecf,0afa,0b7d,False,0,-131
1308,817c,12d8,12b0,False,0,40
0fc4,0341,104a,1056,False,0,-12
02ee,9bd0,9bb9,9bb4,False,0,5
00f7,2c58,2c58,2c59,False,0,-1
d61e,60c0,5ff8,5ff9,False,0,-1
80b4,0425,0371,032c,False,0,69
1ad8,002c,1ad9,1ae9,False,0,-16
091d,8477,05c3,06e2,False,0,-287
8a47,833c,8be5,8c0b,False,-1,986
8e15,00e0,8ddd,8d79,False,0,100
90c0,1011,8578,84af,False,0,201
14d0,822e,14ad,149f,False,0,14
9981,8090,9986,9993,False,0,-13
fbec,f4b3,fc00,fd23,False,0,-291
81bc,a778,a77a,a77b,False,0,-1
1c66,023a,1c6f,1c72,False,0,-3
f78e,fbbf,fc00,fdc3,False,0,-451
c1ba,3bc3,bf92,bf93,False,0,-1
7bff,6d39,7c00,7c53,False,0,-83
9bfa,8364,9c0b,9c0c,False,0,-1
0183,8932,8870,87d1,False,1,-865
8a67,0c99,0596,0566,False,0,48
239f,02f0,23a5,23a6,False,0,-1
877b,0a24,04cd,0666,False,0,-409
185f,035a,187a,187c,False,0,-2
6c13,d9b5,6bcb,6bca,False,0,1
f87c,f783,fc00,fc1f,False,0,-31
03f0,067a,0935,0939,False,0,-4
022e,2097,209b,209d,False,0,-2
80de,9930,9937,9943,False,0,-12
216c,001a,216c,2170,False,0,-4
8f4a,0040,8f3a,8ec2,False,0,120
1ba6,027e,1bba,1bc0,False,0,-6
9366,81aa,939b,93c1,False,0,-38
7203,f866,f5ca,f5cb,False,0,-1
0c2c,86a7,0904,0905,False,0,-1
0a35,8380,0875,0855,False,0,32
20e3,8254,20de,20dd,False,0,1
17c0,82ba,1794,178a,False,0,10
b008,2bfb,ac12,ac13,False,0,-1
c4d9,3e27,c29e,c29f,False,0,-1
ac06,0f9b,abfd,abfc,False,0,1
1430,9365,07d8,047e,False,0,858
091a,884c,019c,0270,False,0,-212
7b41,6e92,7c00,7c0a,False,0,-10
13bc,a008,9f18,9f19,False,0,-1
af05,8114,af05,af06,False,0,-1
6e03,f468,f1ce,f1cf,False,0,-1
d445,4ab6,d2dc,d2dd,False,0,-1
0a8b,9143,8f40,8f41,False,0,-1
0c06,84ab,09b6,09b7,False,0,-1
9c2f,2440,2268,2269,False,0,-1
12ca,00e0,12e6,1318,False,0,-50
29db,00c5,29db,29dc,False,0,-1
9e52,0180,9e4c,9e47,False,0,5
00dc,8565,8489,817c,False,1,-243
8884,01ef,8719,8708,False,0,17
bc60,3376,bae2,bae3,False,0,-1
0ee1,8f00,807c,83c0,False,0,-836
283d,8021,283d,283c,False,0,1
81d0,a375,a379,a37b,False,0,-2
81de,8f34,8fac,8ff0,False,0,-68
5420,c76a,5353,5352,False,0,1
8100,03c1,02c1,0182,False,0,319
0350,8800,84b0,862c,False,0,-380
1e9d,a840,a6d9,a6d8,False,0,1
6037,d913,5de4,5de5,False,0,-1
659b,de87,63f2,63f3,False,0,-1
0059,1b82,1b85,1b93,False,0,-14
162c,ac0a,abe3,abe2,False,0,1
adcf,00d3,adcf,adce,False,0,1
a5df,2c1f,294e,294f,False,0,-1
f069,6beb,ecdc,ecdd,False,0,-1
7996,7b6c,7c00,7e81,False,0,-641
9a21,0205,9a11,9a09,False,0,8
00cc,9787,977a,9761,False,0,25
07bf,036e,0996,09bb,False,0,-37
9c00,07a3,9bc3,9bc2,False,0,1
21b9,8001,21b9,21b5,False,0,4
b22d,3c22,3ab9,3ab8,False,0,1
16a0,011f,16b2,16c9,False,0,-23
004b,85e3,8598,81df,False,1,-71
10fa,909d,02e8,002e,False,0,698
72ae,7b2a,7c00,7c6b,False,0,-107
bb80,5c02,5bfc,5bfd,False,0,-1
0202,8b2c,8a2b,89ac,False,0,127
05a2,86ec,814a,8128,False,0,34
2c76,00a2,2c76,2c77,False,0,-1
9b6f,82a8,9b84,9b8a,False,0,-6
0382,91d0,9160,9158,False,0,8
82e4,0b56,09e4,099d,False,0,71
3df6,c8b3,c7e8,c7e9,False,0,-1
6c08,dbd1,6b93,6b92,False,0,1
1338,9314,0120,0080,False,0,160
05c9,852e,009b,00d8,False,0,-61
8fdf,15e2,13d4,13d5,False,0,-1
26b8,a683,12a0,11a8,False,0,248
1b98,83c3,1b7a,1b79,False,0,1
9d96,0048,9d95,9d8d,False,0,8
1c88,8235,1c7f,1c7c,False,0,3
2890,a117,2694,2695,False,0,-1
2ea1,808a,2ea1,2ea0,False,0,1
9f98,1f60,8b00,8870,False,0,656
153a,0043,153e,155c,False,0,-30
5377,e420,e3c9,e3c8,False,0,1
0075,21ca,21cb,21ce,False,0,-3
8bbb,0938,8506,8683,False,0,-381
065b,80e8,0573,01f4,False,1,-129
fb77,fb78,fc00,ff78,False,0,-888
086c,86d8,0200,0080,False,0,384
120a,82d8,11af,119c,False,0,19
1bc0,8010,1bc0,1bb0,False,0,16
8570,0a1e,06cc,0766,False,0,-154
0001,a445,a445,a443,False,0,2
a42e,1fdb,a06e,a06f,False,0,-1
010c,1c25,1c29,1c2f,False,0,-6
8546,0698,0152,0148,False,0,10
8163,ac50,ac50,ac51,False,0,-1
1674,9730,89e0,8978,False,0,104
1624,96b9,88a8,892a,False,0,-130
6cb4,e40b,6b62,6b63,False,0,-1
4400,9812,43ff,43fe,False,0,1
6c04,d563,6bdd,6bdc,False,0,1
0041,198a,198c,199b,False,0,-15
81d0,1c61,1c5a,1c55,False,0,5
83ff,0720,0321,0190,False,0,401
8420,80b2,84d2,8679,False,0,-423
b83c,4811,479a,479b,False,0,-1
08e0,0145,0982,0a31,False,0,-175
0a12,8550,06d4,076a,False,0,-150
d834,5067,d634,d635,False,0,-1
88e0,802e,88f7,89ec,False,0,-245
80ac,8ae0,8b36,8c06,False,-1,816
82f3,959b,95ca,95d3,False,0,-9
8096,9379,938c,93c2,False,0,-54
0208,a3ab,a3a7,a3a5,False,0,2
5c26,d13d,5afd,5afc,False,0,1
0c58,83b8,0ad4,0ac2,False,0,18
879b,0c7b,0928,0929,False,0,-1
8434,05eb,01b7,02dc,False,0,-293
9154,8365,91c1,91ca,False,0,-9
1c59,9346,1ae0,1ae1,False,0,-1
0290,1beb,1c00,1c03,False,0,-3
852c,0552,0026,00c0,False,0,-154
00b2,99e1,99db,99ce,False,0,13
23a0,a343,11d0,12e8,False,0,-280
014f,8def,8d9b,8d45,False,0,86
13bb,813d,1393,1367,False,0,44
0641,85eb,0056,0160,False,0,-266
9ac5,2490,236f,236e,False,0,1
209d,83b6,2096,2095,False,0,1
8d82,03e4,8c89,8c86,False,0,3
82c8,9feb,9ff6,9ff9,False,0,-3
82dd,9c12,9c1d,9c20,False,0,-3
14c9,8160,14b3,149e,False,0,21
82ea,9dd8,9de4,9de6,False,0,-2
0ee5,01d1,0f59,0f9f,False,0,-70
6816,d6d8,67be,67bf,False,0,-1
8b37,093e,83f2,80fc,False,0,758
9cd0,011a,9ccc,9cc6,False,0,6
bc00,2e1a,bb3d,bb3c,False,0,1
6a33,f0d3,ee8c,ee8d,False,0,-1
1150,8aa3,0f4e,0f4f,False,0,-1
09e3,81f4,08e9,0866,False,0,131
1bc5,815e,1bba,1bb0,False,0,10
9da1,022c,9d98,9d95,False,0,3
8061,8749,87aa,88bd,False,-1,749
7574,7ae5,7c00,7cd0,False,0,-208
a56f,1e87,a39a,a39b,False,0,-1
b159,2b97,aee6,aee7,False,0,-1
869a,8242,886e,88de,False,0,-112
43e7,c9c2,c790,c791,False,0,-1
83aa,8ebc,8fa6,8fb1,False,0,-11
87d6,8080,882b,890b,False,0,-224
9769,8275,9790,979d,False,0,-13
77e9,79f6,7c00,7cf5,False,0,-245
8480,8398,880c,8826,False,0,-26
b428,25cb,b397,b396,False,0,1
825b,262e,262c,262b,False,0,1
0c90,8743,097e,097f,False,0,-1
fa04,f7b0,fc00,fcee,False,0,-238
8279,25fc,25fa,25f9,False,0,1
810e,8859,88e0,899c,False,0,-188
92a0,82bf,92f8,930c,False,0,-20
0d71,83c8,0c7f,0c78,False,0,7
fbbe,f46c,fc00,fcfa,False,0,-250
0626,874d,8127,809c,False,0,139
38cc,b1bb,36ba,36bb,False,0,-1
0180,2cd0,2cd0,2cd1,False,0,-1
8a97,8194,8b61,8bfc,False,0,-155
8220,0de6,0d5e,0d22,False,0,60
93db,1488,08d4,0935,False,0,-97
9acb,82bc,9ae1,9ae6,False,0,-5
c1c3,485c,45d6,45d7,False,0,-1
8082,81fb,827d,853e,False,-1,319
81ec,ad31,ad31,ad32,False,0,-1
0a9c,86eb,064d,0726,False,0,-217
9a5b,81f4,9a6b,9a73,False,0,-8
3ed8,d019,cfc4,cfc5,False,0,-1
8908,03a5,866b,871f,False,0,-180
0218,267d,267f,2680,False,0,-1
09d2,812a,093d,0888,False,0,181
a28d,2262,8d60,8cac,False,0,180
9526,0e3b,932e,932f,False,0,-1
0314,8504,81f0,81e8,False,0,8
0366,8b1a,8967,8940,False,0,39
87dd,067f,815e,8178,False,0,-26
1c9b,a492,a2d6,a2d7,False,0,-1
0168,ad1b,ad1b,ad1a,False,0,1
341e,acf7,31c0,31c1,False,0,-1
8c4c,0c3d,803c,8380,False,0,-836
15af,0079,15b7,15d3,False,0,-28
9761,177d,01c0,0300,False,0,-320
00c9,22f6,22f8,22fb,False,0,-3
7823,ee8d,76a3,76a2,False,0,1
02fc,1b8b,1ba3,1ba7,False,0,-4
45e7,bffb,43d0,43d1,False,0,-1
fba2,fb0f,fc00,ff58,False,0,-856
80fb,aa8c,aa8c,aa8d,False,0,-1
8657,80cd,8724,885f,False,-1,709
0306,0d2b,0dec,0e0c,False,0,-32
89b3,006e,897c,8898,False,0,228
8100,2238,2236,2233,False,0,3
f000,4d5b,effb,effa,False,0,1
9828,06f4,97e1,97e0,False,0,1
acb2,231d,ab9d,ab9c,False,0,1
983b,82c2,9851,9856,False,0,-5
1000,8fef,0044,0040,False,0,4
a800,8262,a801,a802,False,0,-1
0160,8c68,8c10,8b78,False,1,-872
0248,862b,83e3,8184,False,0,607
232e,01d1,2332,2334,False,0,-2
10c0,0101,10e0,1110,False,0,-48
00ed,1865,186c,1879,False,0,-13
83a2,08f1,0640,0708,False,0,-200
888c,8000,888c,898c,False,0,-256
7ad4,7212,7c00,7c2c,False,0,-44
2482,98a6,23da,23db,False,0,-1
9f43,00d8,9f40,9f39,False,0,7
8134,a6a7,a6a8,a6aa,False,0,-2
f8ad,f6f8,fc00,fc14,False,0,-20
03b4,2269,2270,2271,False,0,-1
1501,9568,8670,8467,False,0,521
14c9,8a66,13f8,13f9,False,0,-1
a35c,0152,a359,a357,False,0,2
06eb,8409,02e2,0171,False,0,369
9a28,828c,9a3c,9a42,False,0,-6
965d,83c1,9699,969b,False,0,-2
02cc,88e6,8700,8733,False,0,-51
0000,22bd,22bd,22c1,False,0,-4
0164,11e5,1212,123b,False,0,-41
91cb,134a,09fc,0afe,False,0,-258
fb53,f0e6,fc00,fc46,False,0,-70
8040,2d86,2d86,2d85,False,0,1
bc00,2e1b,bb3d,bb3c,False,0,1
b05c,263d,af29,af28,False,0,1
153d,02a6,1567,1572,False,0,-11
dca0,5403,db3e,db3f,False,0,-1
c10e,4c82,4bc0,4bc1,False,0,-1
85e6,0728,0142,0108,False,0,58
88a8,01c5,878b,8737,False,0,84
0d7f,804a,0d6c,0cf6,False,0,118
80d8,23d6,23d4,23d1,False,0,3
182d,8110,1824,1819,False,0,11
a21d,82a7,a222,a224,False,0,-2
9c96,17bf,994c,994d,False,0,-1
e4e5,704e,6f63,6f62,False,0,1
6000,d2ec,5f22,5f23,False,0,-1
7ae8,77cc,7c00,7d67,False,0,-359
0ab5,87d9,0591,06c8,False,0,-311
1550,94ee,0620,0462,False,0,446
bc00,072c,bc00,b800,False,1,0
2457,9d0b,2228,2229,False,0,-1
0ae2,87d2,05f2,06f9,False,0,-263
7388,7a53,7c00,7c1a,False,0,-26
b62b,3d66,3bb6,3bb7,False,0,-1
82dd,1858,1841,183d,False,0,4
1a71,80d0,1a6a,1a5e,False,0,12
2220,8111,221e,221b,False,0,3
063a,835b,02df,0146,False,0,409
84c4,09f6,0728,0794,False,0,-108
8aa6,81f1,8b9e,8c11,False,-1,909
2786,8084,2785,2784,False,0,1
07e3,8d30,8a6e,8a6f,False,0,-1
8851,0040,8831,8741,False,1,-784
1c8b,0260,1c94,1c98,False,0,-4
9284,00fd,9264,9234,False,0,48
4c60,c6af,4968,4969,False,0,-1
1edd,0200,1ee5,1ee9,False,0,-4
990c,019b,98ff,98f6,False,0,9
0593,85c0,802d,81a0,False,0,-371
96f2,00ea,96e3,96cb,False,0,24
9154,83b0,91ca,91cf,False,0,-5
974e,20a2,1f70,1f71,False,0,-1
26af,032d,26b2,26b3,False,0,-1
817d,a504,a505,a507,False,0,-2
7a1a,7460,7c00,7c25,False,0,-37
0298,1bf8,1c06,1c09,False,0,-3
0240,a602,a600,a5ff,False,0,1
975d,0346,9729,9723,False,0,6
1d82,8002,1d82,1d7a,False,0,8
0000,a1c9,a1c9,a1c5,False,0,4
0133,9f0a,9f05,9f00,False,0,5
90da,0358,906f,9064,False,0,11
a5af,2cb8,2a98,2a99,False,0,-1
1b2e,9b67,8720,8439,False,0,743
089d,8817,010c,0030,False,0,220
18c2,97fe,0e18,0f0c,False,0,-244
79ce,7bcf,7c00,7ece,False,0,-718
e2be,6ca4,6b98,6b99,False,0,-1
9572,149b,8ab8,89ae,False,0,266
0001,8ba4,8ba4,8aa4,False,0,256
01dc,ad80,ad80,ad7f,False,0,1
05fd,89ad,855d,86ae,False,0,-337
80ea,81ea,82d4,856a,False,-1,362
80fd,0000,80fd,83e8,False,0,-747
8d1a,0d8c,01c8,0320,False,0,-344
ed8e,7843,7722,7723,False,0,-1
21f8,b41c,b3d8,b3d9,False,0,-1
8114,2e46,2e46,2e45,False,0,1
704a,ea0b,6d8e,6d8f,False,0,-1
3ea3,40ae,4400,4000,False,1,0
81d0,16a1,1684,1672,False,0,18
0000,0768,0768,08b4,False,-1,692
88b3,0544,8422,8611,False,0,-495
1dee,8245,1de5,1de1,False,0,4
8748,0715,8033,8260,False,0,-557
1de4,8001,1de4,1ddc,False,0,8
66d3,7bd7,7c00,7c07,False,0,-7
e394,6394,0000,6400,False,-25,0
794d,7afb,7c00,7e24,False,0,-548
8123,8e06,8e4f,8eaa,False,0,-91
f093,7850,7656,7657,False,0,-1
4f07,d466,d148,d149,False,0,-1
01ae,2f60,2f60,2f61,False,0,-1
112a,a027,9fa9,9fa8,False,0,1
02e6,a261,a25b,a25a,False,0,1
0200,8cf2,8c72,8c32,False,0,64
701e,e7c6,6e4a,6e4b,False,0,-1
805e,a631,a631,a633,False,0,-2
0404,843c,8038,8300,False,0,-712
0a5d,84fc,07be,07df,False,0,-33
8000,83f8,83f8,85fc,False,-1,508
ce6b,5c05,5b3d,5b3c,False,0,1
8153,136a,1340,1315,False,0,43
dc7b,531e,db2e,db2f,False,0,-1
36f7,bd3b,bafa,bafb,False,0,-1
0d76,9036,89ec,8af6,False,0,-266
200b,8124,2009,2006,False,0,3
8434,0597,0163,018c,False,0,-41
a518,8068,a518,a51a,False,0,-2
8004,2172,2172,216e,False,0,4
8910,099f,011e,0078,False,0,166
0908,8372,069e,072c,False,0,-142
8000,8cec,8cec,8d6c,False,0,-128
89a4,0650,84f8,867c,False,0,-388
fb68,f675,fc00,fd51,False,0,-337
11a2,80b8,118b,1156,False,0,53
f012,601a,efa1,efa0,False,0,1
8b2d,80e9,8ba2,8c34,False,-1,878
9259,0267,920c,91f3,False,0,25
824a,9af3,9b05,9b0c,False,0,-7
e361,fbe9,fc00,fc03,False,0,-3
80fe,ab40,ab40,ab41,False,0,-1
0c76,983e,975e,975f,False,0,-1
913c,80be,9154,9188,False,0,-52
912b,0a07,8f52,8f53,False,0,-1
9fdc,1fe9,0340,0006,False,0,826
01d6,a085,a081,a07f,False,0,2
f03c,657d,ef19,ef18,False,0,1
0494,8020,0474,0142,False,1,-206
8662,80cc,872e,8864,False,-1,714
910f,82c3,9167,917b,False,0,-20
c000,09ec,c000,bc00,False,1,0
d485,4b8e,d326,d327,False,0,-1
39ff,c0b7,be6e,be6f,False,0,-1
808f,8ac0,8b08,8be4,False,0,-220
c884,41b3,c62e,c62f,False,0,-1
2e93,80a0,2e93,2e92,False,0,1
010d,8dd7,8d94,8d35,False,0,95
8f77,15b5,13ae,13af,False,0,-1
0162,9e24,9e1e,9e19,False,0,5
2599,8029,2599,2597,False,0,2
8cd6,0e9c,0718,05c6,False,0,338
83cb,1c7f,1c70,1c6f,False,0,1
1c86,02af,1c91,1c93,False,0,-2
7bff,614c,7c00,7c0a,False,0,-10
0a28,8a1a,001c,0300,False,0,-740
54be,ce8f,5234,5235,False,0,-1
88cc,0be9,063a,071d,False,0,-227
22ed,03b0,22f4,22f5,False,0,-1
14c8,82a3,149e,1493,False,0,11
81aa,80fe,82a8,8554,False,-1,340
9ad8,8192,9ae5,9aee,False,0,-9
aa27,82aa,aa28,aa29,False,0,-1
09de,8a06,8050,8100,False,0,-176
9247,12a6,02f8,0030,False,0,712
8b54,81d4,8c1f,8c64,False,0,-69
11ac,83e7,112f,112e,False,0,1
00d2,a430,a42f,a42e,False,0,1
8220,907e,90c2,90e0,False,0,-30
0623,0056,0679,0827,False,-1,594
8088,1067,1056,101e,False,0,56
122c,8014,122a,11eb,False,0,63
0cbb,8c9a,0084,0020,False,0,100
0e18,82c9,0d66,0d3f,False,0,39
94d3,0c53,937c,937d,False,0,-1
029f,07b5,092a,0982,False,0,-88
a165,83b0,a16c,a16d,False,0,-1
009e,0a80,0acf,0ba8,False,0,-217
d000,1a26,d000,cc00,False,1,0
954c,5000,5000,4c00,False,1,0
0211,89df,88d6,885b,False,0,123
0600,89bf,857e,86bf,False,0,-321
0cfd,0088,0d1f,0d8e,False,0,-111
86e2,82ff,88f0,8931,False,0,-65
84a2,06a4,0202,0101,False,0,257
802b,80bc,80e7,8474,False,-1,115
6400,a939,6400,6000,False,1,0
adec,0044,adec,adeb,False,0,1
87e2,80e0,8861,8929,False,0,-200
00f2,267d,267e,267f,False,0,-1
d400,3318,d3f9,d3f8,False,0,1
5cbe,d285,5bdb,5bda,False,0,1
02c0,17c4,17f0,17fa,False,0,-10
8086,8e8b,8eac,8f1c,False,0,-112
0000,2610,2610,2612,False,0,-2
03a0,8c18,8a60,8a48,False,0,24
0ba2,8777,07cd,07e6,False,0,-25
083a,85c0,02b4,00ad,False,0,519
5c00,b078,5bff,5bfe,False,0,1
74ee,79b0,7c00,7c14,False,0,-20
8260,06f5,0495,01e2,False,1,-333
9bad,000e,9bad,9b9d,False,0,16
27bb,b467,b3d7,b3d6,False,0,1
2313,8142,2310,230e,False,0,2
0b8e,9453,92c2,92c3,False,0,-1
193a,819d,192d,1924,False,0,9
a4ee,1bce,a3e8,a3e9,False,0,-1
0241,81ac,0095,00a8,False,0,-19
19da,80cb,19d4,19c7,False,0,13
c6de,5015,4e72,4e73,False,0,-1
fb64,f172,fc00,fc60,False,0,-96
01da,1038,1073,1096,False,0,-35
8100,a361,a363,a366,False,0,-3
488b,d0e3,cf80,cf81,False,0,-1
a503,24e3,9000,9100,False,0,-256
101c,8f06,04c8,0499,False,0,47
68ff,f01a,edb4,edb5,False,0,-1
9e6a,0031,9e69,9e62,False,0,7
5000,9832,5000,4c00,False,1,0
790e,7bb4,7c00,7e61,False,0,-609
028f,8384,80f5,83a8,False,0,-691
0ca8,852b,0aba,0abb,False,0,-1
f420,fb79,fc00,fcc4,False,0,-196
8168,891e,89d2,8a78,False,0,-166
81c6,2148,2144,2142,False,0,2
0cd3,803a,0cc4,0c4c,False,0,120
92c2,0204,9282,9262,False,0,32
800c,87b0,87bc,88db,False,-1,737
e81c,5b19,e755,e754,False,0,1
961b,1d62,1bb6,1bb7,False,0,-1
0000,9121,9121,90e1,False,0,64
bc00,1950,bbfb,bbfa,False,0,1
fbe8,f3f4,fc00,fcf2,False,0,-242
06b9,0008,06c1,085e,False,-1,611
940c,8373,9443,9448,False,0,-5
88fd,0448,85b2,86d9,False,0,-295
8df5,8030,8e01,8e7b,False,0,-122
0027,82f7,82d0,81a0,False,0,304
131f,00d4,133a,136c,False,0,-50
2839,98fc,27d2,27d3,False,0,-1
0142,8590,844e,8178,False,1,-298
8200,9df8,9e00,9e04,False,0,-4
804d,a4d0,a4d0,a4d2,False,0,-2
0084,9ad6,9ad2,9ac4,False,0,14
1813,02a4,1828,182e,False,0,-6
f73d,f880,fc00,fc0f,False,0,-15
0b50,8b38,0030,0200,False,0,-464
efe5,7868,76d7,76d6,False,0,1
8188,141c,1404,13e0,False,1,-988
2035,90ba,1fd3,1fd2,False,0,1
07f2,827c,0576,04b4,False,0,194
1a9e,0385,1aba,1abc,False,0,-2
82d8,8dbc,8e72,8e97,False,0,-37
8d4a,0e84,04e8,053a,False,0,-82
883a,83cf,8a22,8a2e,False,0,-12
0ab1,0276,0bec,0c27,False,-1,965
9940,19e4,0d20,0e90,False,0,-368
2369,807a,2368,2365,False,0,3
75f0,7935,7c00,7c16,False,0,-22
3a06,ba10,9d00,9e80,False,0,-384
880f,0943,0268,009a,False,0,462
1c2c,0210,1c34,1c38,False,0,-4
ed4d,fbd9,fc00,fc41,False,0,-65
806a,a0e8,a0e9,a0ec,False,0,-3
9ad0,8018,9ad1,9ae0,False,0,-15
959c,8037,959f,95be,False,0,-31
0000,17a7,17a7,17c7,False,0,-32
9851,025e,983e,9838,False,0,6
b178,29fb,aff2,aff3,False,0,-1
0055,9c18,9c17,9c0f,False,0,8
0054,223c,223d,2240,False,0,-3
8640,0628,8018,8200,False,0,-488
030c,262c,262f,2630,False,0,-1
0272,276f,2771,2772,False,0,-1
0203,81a6,005d,01d0,False,0,-371
8926,0702,834a,80d2,False,0,632
183c,0290,1850,1856,False,0,-6
1017,8dd6,08b0,0a58,False,0,-424
d900,532b,d66a,d66b,False,0,-1
8ebe,02c1,8e0e,8de6,False,0,40
b4d6,4800,47b3,47b2,False,0,1
8098,9b78,9b7d,9b8a,False,0,-13
9393,1880,1536,1537,False,0,-1
1dbb,9d88,0a60,0866,False,0,506
02f5,aacf,aace,aacd,False,0,1
8004,8e4c,8e4d,8ecc,False,0,-127
0d58,0327,0e22,0e3d,False,0,-27
5418,c53c,5388,5389,False,0,-1
349e,c08e,bff4,bff5,False,0,-1
7a79,77d8,7c00,7d32,False,0,-306
1512,83a8,14d8,14d5,False,0,3
944e,09de,9324,9325,False,0,-1
9d85,2866,276b,276a,False,0,1
817c,229c,2299,2297,False,0,2
0116,18a5,18ae,18b9,False,0,-11
0131,8883,87d5,8737,False,0,158
ccf9,5c00,5b61,5b60,False,0,1
09e3,0348,0b87,0bb5,False,0,-46
0218,1279,12bc,12da,False,0,-30
8178,95ca,95e2,95f6,False,0,-20
03c1,0c05,0cf5,0cfd,False,0,-8
5718,4b3d,5800,5400,False,1,0
0f4c,01ed,0fc7,1005,False,-1,962
84b3,07ba,0307,0184,False,0,387
66bc,7bec,7c00,7c11,False,0,-17
d36b,59bd,57c4,57c5,False,0,-1
1e25,81d8,1e1e,1e19,False,0,5
0318,0000,0318,058c,False,-1,396
1974,98a0,0ea0,0f50,False,0,-176
098b,8bf0,84ca,8665,False,0,-411
3c0f,b0d6,3ae8,3ae9,False,0,-1
8838,8011,8840,893c,False,0,-252
23e5,81ff,23e1,23df,False,0,2
19ae,d800,d800,d400,False,1,0
008d,9381,936f,9338,False,0,55
2aa0,8021,2aa0,2a9f,False,0,1
383f,c0b0,bf40,bf41,False,0,-1
1bae,0032,1bb0,1bbf,False,0,-15
85b1,8381,8899,88b9,False,0,-32
823b,2876,2875,2874,False,0,1
967d,0244,9659,964b,False,0,14
0360,0996,0b46,0b6e,False,0,-40
28d5,9fde,27b2,27b3,False,0,-1
783e,eb4c,7792,7793,False,0,-1
af25,381a,366b,366a,False,0,1
8038,07ea,07b2,05ce,False,0,484
8133,a58b,a58c,a58e,False,0,-2
16e6,986a,8fb8,8fdc,False,0,-36
01dd,08da,09c8,0a51,False,0,-137
a050,20b8,1280,1340,False,0,-192
3885,ad1e,37c2,37c3,False,0,-1
05fd,8690,8093,8098,False,0,-5
1c4c,9c5c,8400,8410,False,0,-16
9669,0126,9657,9640,False,0,23
85a5,10af,0ff5,0ff4,False,0,1
8001,8a19,8a1a,8b19,False,0,-255
87d3,8038,8806,88f8,False,0,-242
0275,a28c,a287,a286,False,0,1
82d1,1053,0ff2,0fcc,False,0,38
35a5,aff3,3350,3351,False,0,-1
6d30,7bbf,7c00,7c32,False,0,-50
012c,0b2d,0bc3,0c3c,False,-1,903
07d3,88a2,8171,81c4,False,0,-83
0506,0210,0716,0807,False,-1,783
5406,c114,53bb,53ba,False,0,1
84d7,8000,84d7,86d7,False,0,-512
00e0,12b8,12d4,1306,False,0,-50
822d,1724,1701,16f3,False,0,14
8041,16be,16ba,169c,False,0,30
1e7a,832f,1e6d,1e6c,False,0,1
7a7e,7363,7c00,7c2b,False,0,-43
06d2,81be,0514,01fa,False,1,-230
012f,1db0,1db5,1dba,False,0,-5
b933,3117,b7da,b7db,False,0,-1
9d9c,8211,9da4,9da8,False,0,-4
2403,01ae,2405,2406,False,0,-1
13a0,03ae,140b,140d,False,0,-2
9120,0f0b,8a6a,8b35,False,0,-203
81e1,195a,194b,1942,False,0,9
01b8,a5ec,a5ea,a5e9,False,0,1
8c40,0340,8ae0,8ab0,False,0,48
008b,a668,a667,a666,False,0,1
1530,0334,1563,156a,False,0,-7
9f3e,820a,9f46,9f4a,False,0,-4
129a,9272,0140,0100,False,0,64
12ce,9ccd,9be6,9be7,False,0,-1
0048,9d40,9d3f,9d37,False,0,8
0170,1016,1044,106d,False,0,-41
80f3,0cf1,0cb4,0c53,False,0,97
8054,908c,9096,90d1,False,0,-59
9d9f,0134,9d9a,9d95,False,0,5
5000,bdd8,4fa2,4fa3,False,0,-1
8d9e,0dd0,00c8,0240,False,0,-376
8867,81cc,894d,89da,False,0,-141
c5b0,3f5b,c3b2,c3b3,False,0,-1
8de0,0ea8,0320,0064,False,0,700
100b,8ea1,05d4,04ba,False,0,282
0c03,8723,0874,0875,False,0,-1
a5b3,81ce,a5b5,a5b6,False,0,-1
893d,0000,893d,883d,False,0,256
48c7,c237,4672,4673,False,0,-1
a97c,0265,a97b,a97a,False,0,1
82ba,0550,0296,03cc,False,0,-310
2c77,b446,b250,b251,False,0,-1
9320,8021,9324,9362,False,0,-62
1952,01ec,1961,196a,False,0,-9
8122,163a,1628,1611,False,0,23
1fca,0384,1fd8,1fd9,False,0,-1
81a2,2c6c,2c6c,2c6b,False,0,1
5dd0,d763,5bee,5bef,False,0,-1
b2b9,4016,3f55,3f54,False,0,1
6d30,7b86,7c00,7c16,False,0,-22
906e,005e,9062,9028,False,0,58
03b0,0d66,0e52,0e5c,False,0,-10
154c,959e,8520,8452,False,0,206
8836,06c0,81ac,82b0,False,0,-260
8c0c,082a,87dc,85f7,False,0,485
b6db,3d96,3bbe,3bbf,False,0,-1
82c0,0912,0764,0762,False,0,2
83e2,1b69,1b4a,1b49,False,0,1
6ceb,e7ab,6a00,6a01,False,0,-1
082e,8412,044a,0625,False,0,-475
69ff,f165,efca,efcb,False,0,-1
83d7,06e0,0309,017a,False,0,399
b38e,3c44,3aa4,3aa5,False,0,-1
2d1e,ad32,9500,9540,False,0,-64
9499,8195,94b2,94c6,False,0,-20
10e5,8001,10e5,10a5,False,0,64
1e56,02ba,1e61,1e63,False,0,-2
03f0,9316,9298,9297,False,0,1
137e,92d2,0560,04ac,False,0,180
9065,8214,90a8,90c6,False,0,-30
1971,9a13,8d10,8e88,False,0,-376
fb86,f537,fc00,fd11,False,0,-273
835f,8e44,8f1c,8f30,False,0,-20
1b2c,9b74,8880,8890,False,0,-16
0470,851c,80ac,8160,False,0,-180
0078,0280,02f8,057c,False,-1,380
81ef,0eb2,0e36,0df4,False,0,66
3730,2a7e,3800,3400,False,1,0
84fe,0030,84ce,8173,False,1,-165
05b7,85ee,8037,82e0,False,0,-681
8ad2,06e4,86c0,8760,False,0,-160
02ac,9aa0,9a8b,9a85,False,0,6
0a10,85f2,062e,0717,False,0,-233
8c4b,816c,8ca6,8cf8,False,0,-82
9538,82e0,9566,956f,False,0,-9
98ac,113f,96b8,96b9,False,0,-1
0088,a2b2,a2b1,a2ad,False,0,4
90f0,0144,90c8,909c,False,0,44
2dd1,80d0,2dd1,2dd0,False,0,1
051f,8a48,8771,87b8,False,0,-71
164d,805e,1647,162a,False,0,29
0d97,01c5,0e08,0e50,False,0,-72
0179,12ab,12da,1303,False,0,-41
91c3,0012,91c1,9182,False,0,63
0948,88e0,00d0,0280,False,0,-432
988a,81a8,9897,98a1,False,0,-10
29f2,8032,29f2,29f1,False,0,1
300f,a45e,2f06,2f07,False,0,-1
1999,81db,198a,1982,False,0,8
99e0,82a1,99f5,99fb,False,0,-6
0046,9cf8,9cf7,9cef,False,0,8
1e40,0119,1e44,1e4a,False,0,-6
00e8,063f,0727,085a,False,-1,717
d406,3bde,d3ed,d3ec,False,0,1
ad05,8000,ad05,ad06,False,0,-1
0f71,8226,0ee8,0eac,False,0,60
8f6b,14b6,11b6,11b7,False,0,-1
cd8a,5c28,5b9f,5b9e,False,0,1
01ee,822c,803e,83c0,False,0,-898
07f8,80d8,0720,058c,False,0,404
0067,9d1d,9d1b,9d14,False,0,7
0348,138e,13f7,1401,False,-1,1014
c4b3,4c52,4a4a,4a4b,False,0,-1
12a0,805e,1294,125a,False,0,58
1ff2,b02e,afdd,afdc,False,0,1
005c,04ae,050a,06dc,False,0,-466
d8fe,50d7,d790,d791,False,0,-1
1822,8318,1809,1806,False,0,3
133b,a018,9f49,9f48,False,0,1
10e0,8004,10e0,10a0,False,0,64
8380,0f43,0e63,0e53,False,0,16
5484,7bff,7c00,7c01,False,0,-1
0410,8134,02dc,01d8,False,0,260
829e,0f06,0e5e,0e32,False,0,44
80fc,a031,a033,a036,False,0,-3
2043,80d4,2041,203e,False,0,3
0235,a088,a084,a082,False,0,2
7666,7a0a,7c00,7c9e,False,0,-158
0181,255a,255c,255d,False,0,-1
12dd,0159,1308,1333,False,0,-43
8c2a,3800,37ff,37fe,False,0,1
9c39,0264,9c2f,9c2c,False,0,3
8320,17ed,17bb,17b4,False,0,7
24b8,9abd,23c1,23c0,False,0,1
0db7,8ca6,0444,0511,False,0,-205
04b8,81b0,0308,0380,False,0,-120
1122,01d9,115d,1180,False,0,-35
81c0,8c25,8c95,8cdd,False,0,-72
246a,9e47,21b0,21b1,False,0,-1
03d0,13ca,1422,1424,False,0,-2
895e,0390,872c,877a,False,0,-78
9737,0120,9725,970e,False,0,23
01f6,a72f,a72d,a72c,False,0,1
0991,8853,027c,009f,False,0,477
1952,01b0,1960,1969,False,0,-9
9220,11c9,82b8,802c,False,0,652
064f,8546,0109,0024,False,0,229
0482,03f0,0839,083d,False,0,-4
1c09,9563,1960,1961,False,0,-1
1474,88e5,13af,13ae,False,0,1
17a6,806a,179f,1783,False,0,28
63fd,3dc9,6400,6000,False,1,0
9388,0122,9364,9336,False,0,46
1738,826e,1711,1705,False,0,12
80e0,a0b1,a0b3,a0b6,False,0,-3
